DateTime,StopName,VehicleID
2018-10-16 07:23,Floral and Roberts OB,37
2018-10-16 07:23,Floral and Roberts OB,37
2018-10-16 07:30,Main and Murray OB,37
2018-10-16 07:32,UDC,37
2018-10-16 07:33,UDC,37
2018-10-16 07:33,UDC,37
2018-10-16 07:33,UDC,37
2018-10-16 07:36,UDC,37
2018-10-16 07:36,UDC,37
2018-10-16 07:36,UDC,37
2018-10-16 07:43,Leroy St and Murray IB,37
2018-10-16 07:43,Leroy St and Murray IB,37
2018-10-16 07:43,Leroy St and Murray IB,37
2018-10-16 07:43,Leroy St and Murray IB,37
2018-10-16 07:44,Leroy St and Chestnut IB,37
2018-10-16 07:44,Leroy St and Chestnut IB,37
2018-10-16 07:44,Leroy St and Chestnut IB,37
2018-10-16 07:44,Leroy St and Chestnut IB,37
2018-10-16 07:44,Leroy St and Chestnut IB,37
2018-10-16 07:44,Leroy St and Chestnut IB,37
2018-10-16 07:44,Leroy St and Chestnut IB,37
2018-10-16 07:44,Leroy St and Chestnut IB,37
2018-10-16 07:44,Leroy St and Chestnut IB,37
2018-10-16 07:44,Leroy St and Chestnut IB,37
2018-10-16 07:44,Leroy St and Chestnut IB,37
2018-10-16 07:44,Leroy St and Chestnut IB,37
2018-10-16 07:49,Riverside and Margaret OB,37
2018-10-16 07:57,Leroy St and Front,889
2018-10-16 07:57,Leroy St and Front,889
2018-10-16 07:57,Leroy St and Front,889
2018-10-16 07:57,Leroy St and Front,889
2018-10-16 07:57,Leroy St and Front,889
2018-10-16 07:57,Leroy St and Front,889
2018-10-16 07:58,Leroy St and Murray IB,889
2018-10-16 07:58,Leroy St and Murray IB,889
2018-10-16 07:58,Leroy St and Murray IB,889
2018-10-16 07:58,Leroy St and Murray IB,889
2018-10-16 07:58,Leroy St and Murray IB,889
2018-10-16 07:58,Leroy St and Murray IB,889
2018-10-16 07:58,Leroy St and Murray IB,889
2018-10-16 07:58,Leroy St and Murray IB,889
2018-10-16 07:58,Leroy St and Murray IB,889
2018-10-16 07:58,Leroy St and Murray IB,889
2018-10-16 07:59,Leroy St and Murray IB,889
2018-10-16 07:59,Leroy St and Murray IB,889
2018-10-16 07:59,Leroy St and Murray IB,889
2018-10-16 07:59,Leroy St and Murray IB,889
2018-10-16 07:59,Leroy St and Murray IB,889
2018-10-16 07:59,Leroy St and Murray IB,889
2018-10-16 07:59,Leroy St and Murray IB,889
2018-10-16 07:59,Leroy St and Murray IB,889
2018-10-16 07:59,Leroy St and Murray IB,889
2018-10-16 07:59,Leroy St and Murray IB,889
2018-10-16 08:00,Leroy St and Chestnut IB,889
2018-10-16 08:00,Leroy St and Chestnut IB,889
2018-10-16 08:00,Leroy St and Chestnut IB,889
2018-10-16 08:01,Leroy St and Chestnut IB,889
2018-10-16 08:01,Leroy St and Chestnut IB,889
2018-10-16 08:01,Leroy St and Chestnut IB,889
2018-10-16 08:01,Leroy St and Chestnut IB,889
2018-10-16 08:01,Leroy St and Chestnut IB,889
2018-10-16 08:02,Leroy St and Laurel IB,889
2018-10-16 08:02,Leroy St and Laurel IB,889
2018-10-16 08:03,Beethoven and Leroy,889
2018-10-16 08:03,Beethoven and Leroy,889
2018-10-16 08:16,Union,889
2018-10-16 08:29,Leroy St and Murray IB,42
2018-10-16 08:29,Leroy St and Murray IB,42
2018-10-16 08:29,Leroy St and Murray IB,42
2018-10-16 08:29,Leroy St and Murray IB,42
2018-10-16 08:29,Leroy St and Murray IB,42
2018-10-16 08:29,Leroy St and Murray IB,42
2018-10-16 08:30,Leroy St and Murray IB,42
2018-10-16 08:30,Leroy St and Chestnut IB,42
2018-10-16 08:30,Leroy St and Chestnut IB,42
2018-10-16 08:30,Leroy St and Chestnut IB,42
2018-10-16 08:31,Leroy St and Chestnut IB,42
2018-10-16 08:32,Beethoven and Leroy,42
2018-10-16 08:34,Main and Cedar OB,889
2018-10-16 08:35,Main and Arthur,889
2018-10-16 08:39,UDC,889
2018-10-16 08:39,UDC,889
2018-10-16 08:41,UDC,889
2018-10-16 08:43,Leroy St and Front,889
2018-10-16 08:43,Leroy St and Front,889
2018-10-16 08:43,Leroy St and Front,889
2018-10-16 08:43,Leroy St and Front,889
2018-10-16 08:44,Leroy St and Murray IB,889
2018-10-16 08:44,Leroy St and Murray IB,889
2018-10-16 08:44,Leroy St and Murray IB,889
2018-10-16 08:44,Leroy St and Murray IB,889
2018-10-16 08:44,Leroy St and Murray IB,889
2018-10-16 08:45,Leroy St and Chestnut IB,889
2018-10-16 08:45,Leroy St and Chestnut IB,889
2018-10-16 08:45,Leroy St and Chestnut IB,889
2018-10-16 08:46,Leroy St and Chestnut IB,889
2018-10-16 08:49,UDC,37
2018-10-16 08:49,UDC,37
2018-10-16 08:50,Riverside and Margaret OB,889
2018-10-16 08:53,UDC,37
2018-10-16 08:59,Leroy St and Murray OB,37
2018-10-16 08:59,Leroy St and Murray OB,37
2018-10-16 08:59,Leroy St and Murray OB,37
2018-10-16 08:59,Leroy St and Murray OB,37
2018-10-16 09:00,Leroy St and Chestnut IB,37
2018-10-16 09:00,Leroy St and Chestnut IB,37
2018-10-16 09:00,Leroy St and Chestnut IB,37
2018-10-16 09:00,Leroy St and Chestnut IB,37
2018-10-16 09:00,Leroy St and Chestnut IB,37
2018-10-16 09:00,Leroy St and Chestnut IB,37
2018-10-16 09:00,Leroy St and Chestnut IB,37
2018-10-16 09:00,Leroy St and Chestnut IB,37
2018-10-16 09:01,Leroy St and Laurel IB,37
2018-10-16 09:01,Leroy St and Laurel IB,37
2018-10-16 09:01,Hawley IB,42
2018-10-16 09:02,Main and Front OB,42
2018-10-16 09:03,Main and Murray IB,42
2018-10-16 09:03,Main and Murray IB,42
2018-10-16 09:03,Main and Murray IB,42
2018-10-16 09:05,Main and Cedar IB,42
2018-10-16 09:05,Main and Cedar IB,42
2018-10-16 09:05,Main and Clarke OB,42
2018-10-16 09:06,Main and Schiller IB,42
2018-10-16 09:06,Main and Schiller IB,42
2018-10-16 09:06,Main and Schiller IB,42
2018-10-16 09:07,Main and Schiller IB,42
2018-10-16 09:07,Main and Schiller IB,42
2018-10-16 09:09,Main and Helen IB,42
2018-10-16 09:09,Main and Helen IB,42
2018-10-16 09:13,Union,55
2018-10-16 09:20,UDC,21
2018-10-16 09:22,UDC,21
2018-10-16 09:23,UDC,21
2018-10-16 09:23,UDC,21
2018-10-16 09:23,UDC,21
2018-10-16 09:24,UDC,21
2018-10-16 09:28,Leroy St and Front,21
2018-10-16 09:28,Leroy St and Front,21
2018-10-16 09:28,Leroy St and Front,21
2018-10-16 09:28,Leroy St and Front,21
2018-10-16 09:28,Leroy St and Front,21
2018-10-16 09:29,Leroy St and Murray IB,21
2018-10-16 09:29,Leroy St and Murray IB,21
2018-10-16 09:29,Leroy St and Murray IB,21
2018-10-16 09:29,Leroy St and Murray IB,21
2018-10-16 09:29,Leroy St and Murray IB,21
2018-10-16 09:29,Leroy St and Murray IB,21
2018-10-16 09:29,Leroy St and Murray IB,21
2018-10-16 09:29,Leroy St and Murray IB,21
2018-10-16 09:29,Leroy St and Murray IB,21
2018-10-16 09:29,Leroy St and Murray IB,21
2018-10-16 09:29,Leroy St and Murray IB,21
2018-10-16 09:29,Leroy St and Murray IB,21
2018-10-16 09:30,Leroy St and Murray IB,21
2018-10-16 09:30,Leroy St and Murray IB,21
2018-10-16 09:30,Leroy St and Murray IB,21
2018-10-16 09:30,Leroy St and Murray IB,21
2018-10-16 09:30,Leroy St and Murray IB,21
2018-10-16 09:30,Leroy St and Murray IB,21
2018-10-16 09:30,Leroy St and Murray IB,21
2018-10-16 09:30,Leroy St and Murray IB,21
2018-10-16 09:30,Leroy St and Murray IB,21
2018-10-16 09:31,Leroy St and Chestnut IB,21
2018-10-16 09:31,Leroy St and Chestnut IB,21
2018-10-16 09:31,Leroy St and Chestnut IB,21
2018-10-16 09:31,Leroy St and Chestnut IB,21
2018-10-16 09:31,Leroy St and Chestnut IB,21
2018-10-16 09:31,Leroy St and Chestnut IB,21
2018-10-16 09:31,Leroy St and Chestnut IB,21
2018-10-16 09:31,Leroy St and Chestnut IB,21
2018-10-16 09:31,Leroy St and Chestnut IB,21
2018-10-16 09:31,Leroy St and Chestnut IB,21
2018-10-16 09:32,Leroy St and Laurel IB,21
2018-10-16 09:33,Hawley OB,55
2018-10-16 09:37,Riverside and Columbus IB,21
2018-10-16 09:38,UDC,55
2018-10-16 09:43,Leroy St and Front,55
2018-10-16 09:43,Leroy St and Front,55
2018-10-16 09:43,Leroy St and Front,55
2018-10-16 09:43,Leroy St and Front,55
2018-10-16 09:43,Leroy St and Front,55
2018-10-16 09:44,Leroy St and Murray IB,55
2018-10-16 09:44,Leroy St and Murray IB,55
2018-10-16 09:44,Leroy St and Murray IB,55
2018-10-16 09:44,Leroy St and Murray IB,55
2018-10-16 09:44,Leroy St and Murray IB,55
2018-10-16 09:45,Leroy St and Murray IB,55
2018-10-16 09:45,Leroy St and Murray IB,55
2018-10-16 09:45,Leroy St and Murray IB,55
2018-10-16 09:45,Leroy St and Murray IB,55
2018-10-16 09:45,Leroy St and Murray IB,55
2018-10-16 09:45,Leroy St and Murray IB,55
2018-10-16 09:45,Leroy St and Murray IB,55
2018-10-16 09:45,Leroy St and Murray IB,55
2018-10-16 09:45,Leroy St and Murray IB,55
2018-10-16 09:45,Leroy St and Murray IB,55
2018-10-16 09:45,Leroy St and Murray IB,55
2018-10-16 09:45,Leroy St and Murray IB,55
2018-10-16 09:45,Leroy St and Murray IB,55
2018-10-16 09:46,Leroy St and Chestnut IB,55
2018-10-16 09:46,Leroy St and Chestnut IB,55
2018-10-16 09:46,Leroy St and Chestnut IB,55
2018-10-16 09:46,Leroy St and Chestnut IB,55
2018-10-16 09:46,Leroy St and Chestnut IB,55
2018-10-16 09:46,Leroy St and Chestnut IB,55
2018-10-16 09:46,Leroy St and Chestnut IB,55
2018-10-16 09:46,Leroy St and Chestnut IB,55
2018-10-16 09:46,Leroy St and Chestnut IB,55
2018-10-16 09:46,Leroy St and Chestnut IB,55
2018-10-16 09:46,Leroy St and Chestnut IB,55
2018-10-16 09:46,Leroy St and Chestnut IB,55
2018-10-16 09:46,Leroy St and Chestnut IB,55
2018-10-16 09:46,Leroy St and Chestnut IB,55
2018-10-16 09:46,Leroy St and Chestnut IB,55
2018-10-16 09:47,Leroy St and Chestnut IB,55
2018-10-16 09:47,Leroy St and Chestnut IB,55
2018-10-16 09:48,Beethoven and Leroy,55
2018-10-16 09:58,Leroy St and Front,43
2018-10-16 09:59,Leroy St and Murray IB,43
2018-10-16 09:59,Leroy St and Murray IB,43
2018-10-16 09:59,Leroy St and Murray IB,43
2018-10-16 09:59,Leroy St and Murray IB,43
2018-10-16 10:00,Leroy St and Chestnut IB,43
2018-10-16 10:00,Leroy St and Chestnut IB,43
2018-10-16 10:00,Leroy St and Chestnut IB,43
2018-10-16 10:00,Leroy St and Chestnut IB,43
2018-10-16 10:00,Leroy St and Chestnut IB,43
2018-10-16 10:00,Leroy St and Chestnut IB,43
2018-10-16 10:00,Leroy St and Chestnut IB,43
2018-10-16 10:04,Main and Cedar OB,889
2018-10-16 10:06,Main and Murray OB,889
2018-10-16 10:10,UDC,889
2018-10-16 10:10,UDC,889
2018-10-16 10:10,UDC,889
2018-10-16 10:14,Leroy St and Murray IB,889
2018-10-16 10:15,Union,55
2018-10-16 10:15,Leroy St and Chestnut IB,889
2018-10-16 10:15,Leroy St and Chestnut IB,889
2018-10-16 10:15,Union,55
2018-10-16 10:15,Leroy St and Chestnut IB,889
2018-10-16 10:16,Union,55
2018-10-16 10:23,UDC,891
2018-10-16 10:28,Leroy St and Front,891
2018-10-16 10:29,Leroy St and Murray IB,891
2018-10-16 10:30,Leroy St and Chestnut IB,891
2018-10-16 10:30,Leroy St and Chestnut IB,891
2018-10-16 10:30,Leroy St and Chestnut IB,891
2018-10-16 10:30,Leroy St and Chestnut IB,891
2018-10-16 10:30,Leroy St and Chestnut IB,891
2018-10-16 10:30,Leroy St and Chestnut IB,891
2018-10-16 10:30,Leroy St and Chestnut IB,891
2018-10-16 10:41,UDC,55
2018-10-16 10:43,Union,891
2018-10-16 10:43,Union,891
2018-10-16 10:43,Union,891
2018-10-16 10:43,Union,891
2018-10-16 10:43,Union,891
2018-10-16 10:43,Union,891
2018-10-16 10:43,Union,891
2018-10-16 10:44,Leroy St and Front,55
2018-10-16 10:44,Union,891
2018-10-16 10:44,Union,891
2018-10-16 10:45,Leroy St and Murray IB,55
2018-10-16 10:45,Leroy St and Murray IB,55
2018-10-16 10:45,Leroy St and Murray IB,55
2018-10-16 10:45,Leroy St and Murray IB,55
2018-10-16 10:45,Leroy St and Murray IB,55
2018-10-16 10:46,Leroy St and Chestnut IB,55
2018-10-16 10:46,Leroy St and Chestnut IB,55
2018-10-16 10:46,Leroy St and Chestnut IB,55
2018-10-16 10:46,Leroy St and Chestnut IB,55
2018-10-16 10:51,Riverside and Columbus IB,55
2018-10-16 10:52,UDC,42
2018-10-16 10:53,UDC,42
2018-10-16 10:53,UDC,42
2018-10-16 10:53,UDC,42
2018-10-16 10:53,UDC,42
2018-10-16 10:54,UDC,42
2018-10-16 10:58,Main and Helen OB,891
2018-10-16 10:59,Leroy St and Murray OB,42
2018-10-16 10:59,Leroy St and Murray OB,42
2018-10-16 10:59,Leroy St and Murray OB,42
2018-10-16 10:59,Leroy St and Murray OB,42
2018-10-16 10:59,Main and Schiller OB,891
2018-10-16 10:59,Leroy St and Murray OB,42
2018-10-16 10:59,Leroy St and Murray OB,42
2018-10-16 10:59,Leroy St and Murray OB,42
2018-10-16 10:59,Leroy St and Murray OB,42
2018-10-16 11:00,Leroy St and Chestnut IB,42
2018-10-16 11:00,Leroy St and Chestnut IB,42
2018-10-16 11:00,Leroy St and Chestnut IB,42
2018-10-16 11:02,Beethoven and Leroy,42
2018-10-16 11:02,Beethoven and Leroy,42
2018-10-16 11:14,Leroy St and Front,891
2018-10-16 11:14,Leroy St and Front,891
2018-10-16 11:14,Leroy St and Front,891
2018-10-16 11:14,Leroy St and Front,891
2018-10-16 11:14,Leroy St and Front,891
2018-10-16 11:14,Leroy St and Front,891
2018-10-16 11:15,Leroy St and Murray IB,891
2018-10-16 11:15,Leroy St and Murray IB,891
2018-10-16 11:15,Leroy St and Murray IB,891
2018-10-16 11:15,Leroy St and Murray IB,891
2018-10-16 11:15,Leroy St and Murray IB,891
2018-10-16 11:15,Leroy St and Murray IB,891
2018-10-16 11:15,Leroy St and Murray IB,891
2018-10-16 11:15,Leroy St and Murray IB,891
2018-10-16 11:15,Leroy St and Murray IB,891
2018-10-16 11:15,Leroy St and Murray IB,891
2018-10-16 11:15,Leroy St and Murray IB,891
2018-10-16 11:15,Leroy St and Murray IB,891
2018-10-16 11:15,Leroy St and Murray IB,891
2018-10-16 11:15,Leroy St and Murray IB,891
2018-10-16 11:15,Leroy St and Murray IB,891
2018-10-16 11:16,Leroy St and Chestnut IB,891
2018-10-16 11:16,Leroy St and Chestnut IB,891
2018-10-16 11:16,Leroy St and Chestnut IB,891
2018-10-16 11:16,Leroy St and Chestnut IB,891
2018-10-16 11:16,Leroy St and Chestnut IB,891
2018-10-16 11:16,Leroy St and Chestnut IB,891
2018-10-16 11:31,Main and Cedar OB,889
2018-10-16 11:39,UDC,889
2018-10-16 11:40,Union,55
2018-10-16 11:40,Union,55
2018-10-16 11:40,Union,55
2018-10-16 11:40,Union,55
2018-10-16 11:41,Union,55
2018-10-16 11:41,Union,55
2018-10-16 11:41,Union,55
2018-10-16 11:41,Union,55
2018-10-16 11:41,Union,55
2018-10-16 11:41,UDC,889
2018-10-16 11:41,Union,55
2018-10-16 11:41,Union,55
2018-10-16 11:41,Union,55
2018-10-16 11:41,Union,55
2018-10-16 11:41,Union,55
2018-10-16 11:41,Union,55
2018-10-16 11:41,UDC,889
2018-10-16 11:41,Union,55
2018-10-16 11:41,Union,55
2018-10-16 11:41,Union,55
2018-10-16 11:41,Union,55
2018-10-16 11:41,Union,55
2018-10-16 11:41,Union,55
2018-10-16 11:42,Union,55
2018-10-16 11:42,Union,55
2018-10-16 11:42,Union,55
2018-10-16 11:42,Union,55
2018-10-16 11:43,Union,55
2018-10-16 11:43,Union,55
2018-10-16 11:43,Union,55
2018-10-16 11:44,Leroy St and Murray OB,889
2018-10-16 11:44,Leroy St and Murray OB,889
2018-10-16 11:44,Leroy St and Murray OB,889
2018-10-16 11:44,Leroy St and Murray OB,889
2018-10-16 11:44,Leroy St and Murray OB,889
2018-10-16 11:44,Union,55
2018-10-16 11:44,Union,55
2018-10-16 11:45,Leroy St and Chestnut OB,889
2018-10-16 11:45,Leroy St and Chestnut OB,889
2018-10-16 11:45,Leroy St and Chestnut OB,889
2018-10-16 11:45,Leroy St and Chestnut OB,889
2018-10-16 11:47,Physical Facilities,55
2018-10-16 12:01,Main and Murray OB,55
2018-10-16 12:01,Main and Murray OB,55
2018-10-16 12:01,Main and Murray OB,55
2018-10-16 12:05,UDC,55
2018-10-16 12:06,UDC,55
2018-10-16 12:06,UDC,55
2018-10-16 12:09,UDC,55
2018-10-16 12:13,Main and Helen OB,21
2018-10-16 12:14,Riverside and Murray,55
2018-10-16 12:14,Riverside and Murray,55
2018-10-16 12:14,Riverside and Murray,55
2018-10-16 12:14,Riverside and Murray,55
2018-10-16 12:15,Leroy St and Chestnut OB,55
2018-10-16 12:15,Leroy St and Chestnut OB,55
2018-10-16 12:15,Leroy St and Chestnut OB,55
2018-10-16 12:15,Leroy St and Chestnut OB,55
2018-10-16 12:16,Engineering Bldg,43
2018-10-16 12:16,Engineering Bldg,43
2018-10-16 12:16,Engineering Bldg,43
2018-10-16 12:17,Engineering Bldg,43
2018-10-16 12:17,Engineering Bldg,43
2018-10-16 12:17,Engineering Bldg,43
2018-10-16 12:17,Engineering Bldg,43
2018-10-16 12:17,Engineering Bldg,43
2018-10-16 12:17,Engineering Bldg,43
2018-10-16 12:17,Engineering Bldg,43
2018-10-16 12:21,UDC,21
2018-10-16 12:25,UDC,21
2018-10-16 12:26,UDC,21
2018-10-16 12:27,Main and Floral,43
2018-10-16 12:29,Leroy St and Murray IB,21
2018-10-16 12:29,Leroy St and Murray IB,21
2018-10-16 12:29,Leroy St and Murray IB,21
2018-10-16 12:29,Leroy St and Murray IB,21
2018-10-16 12:29,Leroy St and Murray IB,21
2018-10-16 12:29,Leroy St and Murray IB,21
2018-10-16 12:29,Leroy St and Murray IB,21
2018-10-16 12:29,Leroy St and Murray IB,21
2018-10-16 12:29,Leroy St and Murray IB,21
2018-10-16 12:29,Leroy St and Murray IB,21
2018-10-16 12:30,Leroy St and Chestnut IB,21
2018-10-16 12:30,Leroy St and Chestnut IB,21
2018-10-16 12:30,Leroy St and Chestnut IB,21
2018-10-16 12:30,Leroy St and Chestnut IB,21
2018-10-16 12:30,Leroy St and Chestnut IB,21
2018-10-16 12:43,Oak and Eaton,43
2018-10-16 12:43,Oak and Eaton,43
2018-10-16 12:43,Oak and Eaton,43
2018-10-16 12:43,Oak and Eaton,43
2018-10-16 12:43,Oak and Eaton,43
2018-10-16 12:44,Oak and Eaton,43
2018-10-16 12:44,Oak and Eaton,43
2018-10-16 12:44,Oak and Eaton,43
2018-10-16 12:44,Oak and Eaton,43
2018-10-16 12:44,Oak and Eaton,43
2018-10-16 12:44,Oak and Eaton,43
2018-10-16 12:44,Oak and Eaton,43
2018-10-16 12:44,Oak and Eaton,43
2018-10-16 12:45,Oak and Eaton,43
2018-10-16 12:45,Oak and Eaton,43
2018-10-16 12:45,Oak and Eaton,43
2018-10-16 12:45,Oak and Eaton,43
2018-10-16 12:45,Oak and Eaton,43
2018-10-16 12:45,Oak and Eaton,43
2018-10-16 12:45,Oak and Eaton,43
2018-10-16 12:45,Oak and Eaton,43
2018-10-16 12:45,Oak and Eaton,43
2018-10-16 12:45,Oak and Eaton,43
2018-10-16 12:45,Oak and Eaton,43
2018-10-16 12:46,Leroy and Walnut,43
2018-10-16 12:46,Leroy and Walnut,43
2018-10-16 12:46,Leroy and Walnut,43
2018-10-16 12:46,Leroy and Walnut,43
2018-10-16 12:46,Leroy and Walnut,43
2018-10-16 12:46,Leroy and Walnut,43
2018-10-16 12:46,Leroy and Walnut,43
2018-10-16 12:46,Leroy and Walnut,43
2018-10-16 12:46,Leroy and Walnut,43
2018-10-16 12:46,Leroy and Walnut,43
2018-10-16 12:46,Leroy and Walnut,43
2018-10-16 12:46,Leroy and Walnut,43
2018-10-16 12:46,Leroy and Walnut,43
2018-10-16 12:46,Leroy and Walnut,43
2018-10-16 12:46,Leroy and Walnut,43
2018-10-16 12:47,Leroy and Walnut,43
2018-10-16 12:47,Leroy and Walnut,43
2018-10-16 12:47,Leroy and Walnut,43
2018-10-16 12:47,Leroy and Walnut,43
2018-10-16 12:47,Leroy and Walnut,43
2018-10-16 12:47,Leroy and Walnut,43
2018-10-16 12:47,Leroy St and Chestnut OB,43
2018-10-16 12:52,Riverside and Columbus,43
2018-10-16 13:02,Union,42
2018-10-16 13:02,Union,42
2018-10-16 13:02,Union,42
2018-10-16 13:02,Union,42
2018-10-16 13:02,Union,42
2018-10-16 13:02,Union,42
2018-10-16 13:02,Union,42
2018-10-16 13:02,Union,42
2018-10-16 13:02,Union,42
2018-10-16 13:02,Union,42
2018-10-16 13:02,Union,42
2018-10-16 13:02,Union,42
2018-10-16 13:02,Union,42
2018-10-16 13:02,Union,42
2018-10-16 13:02,Union,42
2018-10-16 13:02,Union,42
2018-10-16 13:03,Union,42
2018-10-16 13:03,Union,42
2018-10-16 13:13,Floral and Willow IB,42
2018-10-16 13:14,Floral and Burbank IB,42
2018-10-16 13:16,Main and Helen IB,42
2018-10-16 13:18,Main and Schiller IB,42
2018-10-16 13:18,Union,55
2018-10-16 13:18,Union,55
2018-10-16 13:18,Union,55
2018-10-16 13:18,Union,55
2018-10-16 13:18,Union,55
2018-10-16 13:19,Union,55
2018-10-16 13:19,Union,55
2018-10-16 13:19,Union,55
2018-10-16 13:19,Union,55
2018-10-16 13:19,Union,55
2018-10-16 13:19,Union,55
2018-10-16 13:19,Union,55
2018-10-16 13:19,Union,55
2018-10-16 13:19,Union,55
2018-10-16 13:19,Union,55
2018-10-16 13:19,Union,55
2018-10-16 13:19,Union,55
2018-10-16 13:21,Main and Arthur,42
2018-10-16 13:21,Main and Arthur,42
2018-10-16 13:22,Main and Murray OB,42
2018-10-16 13:22,Physical Facilities OB,55
2018-10-16 13:25,Hawley IB,42
2018-10-16 13:27,UDC,42
2018-10-16 13:27,UDC,42
2018-10-16 13:30,Leroy St and Murray IB,42
2018-10-16 13:31,Leroy St and Chestnut IB,42
2018-10-16 13:39,Main and Clarke IB,55
2018-10-16 13:40,Main and Cedar IB,55
2018-10-16 13:40,Union,43
2018-10-16 13:40,Union,43
2018-10-16 13:40,Union,43
2018-10-16 13:40,Union,43
2018-10-16 13:40,Union,43
2018-10-16 13:40,Union,43
2018-10-16 13:40,Union,43
2018-10-16 13:41,Union,43
2018-10-16 13:41,Union,43
2018-10-16 13:41,Union,43
2018-10-16 13:41,Union,43
2018-10-16 13:41,Union,43
2018-10-16 13:41,Union,43
2018-10-16 13:41,Union,43
2018-10-16 13:41,Union,43
2018-10-16 13:41,Union,43
2018-10-16 13:41,Union,43
2018-10-16 13:41,Union,43
2018-10-16 13:41,Union,43
2018-10-16 13:41,Union,43
2018-10-16 13:47,Leroy St and Front,55
2018-10-16 13:48,Leroy St and Murray IB,55
2018-10-16 13:48,Leroy St and Murray IB,55
2018-10-16 13:49,Leroy St and Chestnut IB,55
2018-10-16 13:49,Leroy St and Chestnut IB,55
2018-10-16 14:02,Main and Murray OB,43
2018-10-16 14:06,UDC,43
2018-10-16 14:06,UDC,43
2018-10-16 14:06,UDC,43
2018-10-16 14:07,UDC,43
2018-10-16 14:07,UDC,43
2018-10-16 14:08,Union,37
2018-10-16 14:08,Union,37
2018-10-16 14:08,Union,37
2018-10-16 14:08,Union,37
2018-10-16 14:08,Union,37
2018-10-16 14:08,Union,37
2018-10-16 14:08,Union,37
2018-10-16 14:08,Union,37
2018-10-16 14:08,Union,37
2018-10-16 14:08,Union,37
2018-10-16 14:08,Union,37
2018-10-16 14:08,Union,37
2018-10-16 14:08,Union,37
2018-10-16 14:08,Union,37
2018-10-16 14:09,Union,37
2018-10-16 14:09,UDC,43
2018-10-16 14:09,Union,37
2018-10-16 14:10,Union,37
2018-10-16 14:12,Leroy St and Front,43
2018-10-16 14:12,Leroy St and Front,43
2018-10-16 14:12,Leroy St and Front,43
2018-10-16 14:12,Leroy St and Front,43
2018-10-16 14:12,Leroy St and Front,43
2018-10-16 14:13,Leroy St and Murray IB,43
2018-10-16 14:13,Leroy St and Murray IB,43
2018-10-16 14:13,Leroy St and Murray IB,43
2018-10-16 14:13,Leroy St and Murray IB,43
2018-10-16 14:13,Leroy St and Murray IB,43
2018-10-16 14:13,Leroy St and Murray IB,43
2018-10-16 14:13,Leroy St and Murray IB,43
2018-10-16 14:13,Leroy St and Murray IB,43
2018-10-16 14:13,Leroy St and Murray IB,43
2018-10-16 14:13,Leroy St and Murray IB,43
2018-10-16 14:14,Leroy St and Chestnut IB,43
2018-10-16 14:14,Leroy St and Chestnut IB,43
2018-10-16 14:14,Leroy St and Chestnut IB,43
2018-10-16 14:23,Union,21
2018-10-16 14:23,Union,21
2018-10-16 14:23,Union,21
2018-10-16 14:23,Union,21
2018-10-16 14:23,Union,21
2018-10-16 14:23,Union,21
2018-10-16 14:23,Union,21
2018-10-16 14:23,Union,21
2018-10-16 14:23,Union,21
2018-10-16 14:23,Union,21
2018-10-16 14:23,Main and Helen OB,37
2018-10-16 14:23,Union,21
2018-10-16 14:23,Union,21
2018-10-16 14:23,Union,21
2018-10-16 14:24,Union,21
2018-10-16 14:24,Union,21
2018-10-16 14:25,Union,21
2018-10-16 14:26,Union,21
2018-10-16 14:26,Union,21
2018-10-16 14:26,Union,21
2018-10-16 14:26,Union,21
2018-10-16 14:27,Union,21
2018-10-16 14:27,Union,21
2018-10-16 14:28,Union,21
2018-10-16 14:28,Union,21
2018-10-16 14:28,Union,21
2018-10-16 14:28,Union,21
2018-10-16 14:28,Union,21
2018-10-16 14:28,Union,21
2018-10-16 14:32,UDC,37
2018-10-16 14:32,UDC,37
2018-10-16 14:32,UDC,37
2018-10-16 14:32,UDC,37
2018-10-16 14:32,UDC,37
2018-10-16 14:32,UDC,37
2018-10-16 14:32,UDC,37
2018-10-16 14:32,UDC,37
2018-10-16 14:35,Leroy St and Front,37
2018-10-16 14:35,Leroy St and Murray IB,37
2018-10-16 14:35,Leroy St and Murray IB,37
2018-10-16 14:35,Leroy St and Murray IB,37
2018-10-16 14:36,Leroy St and Murray IB,37
2018-10-16 14:36,Leroy St and Murray IB,37
2018-10-16 14:36,Leroy St and Murray IB,37
2018-10-16 14:36,Leroy St and Murray IB,37
2018-10-16 14:36,Leroy St and Murray IB,37
2018-10-16 14:36,Leroy St and Murray IB,37
2018-10-16 14:37,Leroy St and Chestnut IB,37
2018-10-16 14:37,Leroy St and Chestnut IB,37
2018-10-16 14:37,Leroy St and Chestnut IB,37
2018-10-16 14:37,Leroy St and Chestnut IB,37
2018-10-16 14:37,Leroy St and Chestnut IB,37
2018-10-16 14:37,Leroy St and Chestnut IB,37
2018-10-16 14:37,Leroy St and Chestnut IB,37
2018-10-16 14:45,Union,42
2018-10-16 14:45,Union,42
2018-10-16 14:45,Union,42
2018-10-16 14:45,Union,42
2018-10-16 14:45,Union,42
2018-10-16 14:45,Union,42
2018-10-16 14:45,Union,42
2018-10-16 14:45,Union,42
2018-10-16 14:45,Union,42
2018-10-16 14:45,Union,42
2018-10-16 14:45,Union,42
2018-10-16 14:45,Union,42
2018-10-16 14:45,Union,42
2018-10-16 14:45,Union,42
2018-10-16 14:45,Union,42
2018-10-16 14:45,Union,42
2018-10-16 14:45,Union,42
2018-10-16 14:45,Union,42
2018-10-16 14:45,Union,42
2018-10-16 14:45,Union,42
2018-10-16 14:45,Union,42
2018-10-16 14:45,Union,42
2018-10-16 14:46,Union,42
2018-10-16 14:46,Union,42
2018-10-16 14:46,Union,42
2018-10-16 14:46,Union,42
2018-10-16 14:46,Union,42
2018-10-16 14:46,Union,42
2018-10-16 14:46,Union,42
2018-10-16 14:46,Union,42
2018-10-16 14:46,Union,42
2018-10-16 14:46,Union,42
2018-10-16 14:46,Union,42
2018-10-16 14:46,Union,42
2018-10-16 14:46,Union,42
2018-10-16 14:46,Union,42
2018-10-16 14:46,Union,42
2018-10-16 14:46,Union,42
2018-10-16 14:46,Union,42
2018-10-16 14:46,Union,42
2018-10-16 14:46,Union,42
2018-10-16 14:46,Union,42
2018-10-16 14:46,Union,42
2018-10-16 14:46,Union,42
2018-10-16 14:46,Union,42
2018-10-16 14:46,Union,42
2018-10-16 14:47,Union,42
2018-10-16 14:47,Union,42
2018-10-16 14:47,Union,42
2018-10-16 14:47,Union,42
2018-10-16 14:47,Union,42
2018-10-16 14:47,Union,42
2018-10-16 14:47,Main and Schiller OB,21
2018-10-16 14:51,Union,37
2018-10-16 14:51,Union,37
2018-10-16 14:51,Union,37
2018-10-16 14:51,Union,37
2018-10-16 14:51,Union,37
2018-10-16 14:51,Union,37
2018-10-16 14:51,Union,37
2018-10-16 14:51,Union,37
2018-10-16 14:51,Union,37
2018-10-16 14:51,Union,37
2018-10-16 14:51,Union,37
2018-10-16 14:51,Union,37
2018-10-16 14:51,Union,37
2018-10-16 14:51,Union,37
2018-10-16 14:51,Union,37
2018-10-16 14:51,Union,37
2018-10-16 14:51,Union,37
2018-10-16 14:51,Union,37
2018-10-16 14:51,Union,37
2018-10-16 14:51,Union,37
2018-10-16 14:51,Union,37
2018-10-16 14:51,Union,37
2018-10-16 14:51,Union,37
2018-10-16 14:51,Main and Arthur,21
2018-10-16 14:51,Union,37
2018-10-16 14:51,Union,37
2018-10-16 14:51,Union,37
2018-10-16 14:51,Union,37
2018-10-16 14:52,Union,37
2018-10-16 14:52,Union,37
2018-10-16 14:52,Union,37
2018-10-16 14:52,Union,37
2018-10-16 14:52,Union,37
2018-10-16 14:52,Union,37
2018-10-16 14:52,Union,37
2018-10-16 14:52,Union,37
2018-10-16 14:52,Union,37
2018-10-16 14:52,Union,37
2018-10-16 14:52,Union,37
2018-10-16 14:52,Union,37
2018-10-16 14:52,Union,37
2018-10-16 14:52,Union,37
2018-10-16 14:52,Union,37
2018-10-16 14:52,Union,37
2018-10-16 14:52,Union,37
2018-10-16 14:52,Union,37
2018-10-16 14:52,Union,37
2018-10-16 14:53,Union,37
2018-10-16 14:53,Union,37
2018-10-16 14:58,Floral and Roberts IB,42
2018-10-16 14:58,UDC,21
2018-10-16 14:58,UDC,21
2018-10-16 14:58,UDC,21
2018-10-16 15:03,Main and Helen OB,42
2018-10-16 15:04,Main and Schiller OB,42
2018-10-16 15:04,Leroy St and Murray IB,21
2018-10-16 15:04,Leroy St and Murray IB,21
2018-10-16 15:04,Leroy St and Murray IB,21
2018-10-16 15:04,Leroy St and Murray IB,21
2018-10-16 15:05,Leroy St and Chestnut IB,21
2018-10-16 15:05,Leroy St and Chestnut IB,21
2018-10-16 15:06,Leroy St and Laurel IB,21
2018-10-16 15:08,Riverside and Beethoven,21
2018-10-16 15:15,Leroy St and Chestnut IB,42
2018-10-16 15:15,Leroy St and Chestnut IB,42
2018-10-16 15:15,Leroy St and Chestnut IB,42
2018-10-16 15:16,Union,43
2018-10-16 15:16,Union,43
2018-10-16 15:16,Union,43
2018-10-16 15:16,Union,43
2018-10-16 15:16,Union,43
2018-10-16 15:16,Union,43
2018-10-16 15:16,Union,43
2018-10-16 15:16,Union,43
2018-10-16 15:16,Union,43
2018-10-16 15:16,Union,43
2018-10-16 15:16,Union,43
2018-10-16 15:16,Union,43
2018-10-16 15:16,Union,43
2018-10-16 15:16,Union,43
2018-10-16 15:16,Union,43
2018-10-16 15:16,Union,43
2018-10-16 15:16,Union,43
2018-10-16 15:17,Union,43
2018-10-16 15:17,Union,43
2018-10-16 15:17,Union,43
2018-10-16 15:17,Union,43
2018-10-16 15:17,Union,43
2018-10-16 15:17,Union,43
2018-10-16 15:17,Union,43
2018-10-16 15:17,Union,43
2018-10-16 15:17,Union,43
2018-10-16 15:17,Union,43
2018-10-16 15:17,Union,43
2018-10-16 15:17,Union,43
2018-10-16 15:17,Union,43
2018-10-16 15:17,Union,43
2018-10-16 15:17,Union,43
2018-10-16 15:17,Union,43
2018-10-16 15:17,Union,43
2018-10-16 15:17,Union,43
2018-10-16 15:17,Union,43
2018-10-16 15:17,Union,43
2018-10-16 15:17,Union,43
2018-10-16 15:17,Union,43
2018-10-16 15:20,Physical Facilities,43
2018-10-16 15:25,Floral and Harrison IB,43
2018-10-16 15:26,Union,55
2018-10-16 15:26,Union,55
2018-10-16 15:26,Union,55
2018-10-16 15:26,Union,55
2018-10-16 15:26,Union,55
2018-10-16 15:26,Floral and Cleveland IB,43
2018-10-16 15:26,Union,55
2018-10-16 15:26,Union,55
2018-10-16 15:26,Union,55
2018-10-16 15:26,Union,55
2018-10-16 15:26,Union,55
2018-10-16 15:27,Union,55
2018-10-16 15:28,Union,55
2018-10-16 15:29,Union,55
2018-10-16 15:29,Union,55
2018-10-16 15:29,Union,55
2018-10-16 15:30,Main and Helen OB,43
2018-10-16 15:30,Union,55
2018-10-16 15:33,Main and Clarke IB,43
2018-10-16 15:35,Main and Murray OB,43
2018-10-16 15:41,UDC,43
2018-10-16 15:41,UDC,43
2018-10-16 15:41,UDC,43
2018-10-16 15:41,UDC,43
2018-10-16 15:41,UDC,43
2018-10-16 15:45,Leroy St and Murray IB,43
2018-10-16 15:45,Leroy St and Murray IB,43
2018-10-16 15:45,Leroy St and Murray IB,43
2018-10-16 15:46,Leroy St and Chestnut IB,43
2018-10-16 15:46,Leroy St and Chestnut IB,43
2018-10-16 15:46,Leroy St and Chestnut IB,43
2018-10-16 15:46,Leroy St and Chestnut IB,43
2018-10-16 15:46,Leroy St and Chestnut IB,43
2018-10-16 15:46,Leroy St and Chestnut IB,43
2018-10-16 15:46,Leroy St and Chestnut IB,43
2018-10-16 15:47,Main and Cedar OB,55
2018-10-16 15:47,Leroy St and Laurel IB,43
2018-10-16 15:53,UDC,55
2018-10-16 15:53,UDC,55
2018-10-16 15:54,UDC,55
2018-10-16 15:55,UDC,55
2018-10-16 15:56,Union,42
2018-10-16 15:56,Union,42
2018-10-16 15:56,Union,42
2018-10-16 15:56,Union,42
2018-10-16 15:56,Union,42
2018-10-16 15:56,Union,42
2018-10-16 15:56,Union,42
2018-10-16 15:56,Union,42
2018-10-16 15:56,Union,42
2018-10-16 15:56,Union,42
2018-10-16 15:57,Union,42
2018-10-16 15:57,Union,42
2018-10-16 15:57,Union,42
2018-10-16 15:57,Union,42
2018-10-16 15:57,Union,42
2018-10-16 15:57,Union,42
2018-10-16 15:57,Union,42
2018-10-16 15:57,Union,42
2018-10-16 15:57,Union,42
2018-10-16 15:57,Union,42
2018-10-16 15:57,Union,42
2018-10-16 15:57,Union,42
2018-10-16 15:57,Union,42
2018-10-16 15:57,Union,42
2018-10-16 15:57,Union,42
2018-10-16 15:57,Union,42
2018-10-16 15:57,Union,42
2018-10-16 15:57,Union,42
2018-10-16 15:57,Union,42
2018-10-16 15:57,Union,42
2018-10-16 15:57,Union,42
2018-10-16 15:57,Union,42
2018-10-16 15:57,Union,42
2018-10-16 15:57,Union,42
2018-10-16 15:58,Union,42
2018-10-16 15:58,Union,42
2018-10-16 15:58,Union,42
2018-10-16 15:58,Union,42
2018-10-16 15:58,Union,42
2018-10-16 15:58,Union,42
2018-10-16 15:58,Union,42
2018-10-16 15:59,Union,42
2018-10-16 15:59,Union,42
2018-10-16 16:00,Union,42
2018-10-16 16:00,Union,42
2018-10-16 16:00,Union,42
2018-10-16 16:00,Union,42
2018-10-16 16:00,Union,42
2018-10-16 16:01,Leroy St and Murray IB,55
2018-10-16 16:01,Leroy St and Murray IB,55
2018-10-16 16:01,Leroy St and Murray IB,55
2018-10-16 16:02,Leroy St and Chestnut IB,55
2018-10-16 16:02,Leroy St and Chestnut IB,55
2018-10-16 16:02,Leroy St and Chestnut IB,55
2018-10-16 16:02,Leroy St and Chestnut IB,55
2018-10-16 16:02,Leroy St and Chestnut IB,55
2018-10-16 16:11,Floral and Main OB,42
2018-10-16 16:19,Union,37
2018-10-16 16:19,Union,37
2018-10-16 16:19,Union,37
2018-10-16 16:19,Union,37
2018-10-16 16:19,Union,37
2018-10-16 16:20,Union,37
2018-10-16 16:20,Union,37
2018-10-16 16:20,Union,37
2018-10-16 16:20,Union,37
2018-10-16 16:20,Union,37
2018-10-16 16:20,Union,37
2018-10-16 16:20,Union,37
2018-10-16 16:20,Union,37
2018-10-16 16:20,Union,37
2018-10-16 16:20,Union,37
2018-10-16 16:20,Union,37
2018-10-16 16:20,Union,37
2018-10-16 16:20,Union,37
2018-10-16 16:20,Union,37
2018-10-16 16:20,Union,37
2018-10-16 16:20,Union,37
2018-10-16 16:20,Union,37
2018-10-16 16:22,UDC,42
2018-10-16 16:22,UDC,42
2018-10-16 16:22,UDC,42
2018-10-16 16:22,UDC,42
2018-10-16 16:22,UDC,42
2018-10-16 16:24,UDC,42
2018-10-16 16:24,UDC,42
2018-10-16 16:24,UDC,42
2018-10-16 16:24,Physical Facilities,37
2018-10-16 16:24,Physical Facilities,37
2018-10-16 16:25,UDC,42
2018-10-16 16:25,Denny''s,37
2018-10-16 16:26,Union,43
2018-10-16 16:26,Union,43
2018-10-16 16:26,Union,43
2018-10-16 16:26,Union,43
2018-10-16 16:26,Union,43
2018-10-16 16:26,Union,43
2018-10-16 16:26,Union,43
2018-10-16 16:27,Union,43
2018-10-16 16:27,Union,43
2018-10-16 16:27,Union,43
2018-10-16 16:27,Union,43
2018-10-16 16:27,Union,43
2018-10-16 16:27,Union,43
2018-10-16 16:27,Union,43
2018-10-16 16:27,Union,43
2018-10-16 16:27,Union,43
2018-10-16 16:27,Union,43
2018-10-16 16:27,Union,43
2018-10-16 16:27,Union,43
2018-10-16 16:27,Union,43
2018-10-16 16:27,Union,43
2018-10-16 16:27,Union,43
2018-10-16 16:27,Union,43
2018-10-16 16:27,Union,43
2018-10-16 16:27,Union,43
2018-10-16 16:27,Union,43
2018-10-16 16:27,Union,43
2018-10-16 16:27,Union,43
2018-10-16 16:27,Union,43
2018-10-16 16:27,Union,43
2018-10-16 16:27,Union,43
2018-10-16 16:27,Union,43
2018-10-16 16:28,Union,43
2018-10-16 16:28,Union,43
2018-10-16 16:29,Union,43
2018-10-16 16:29,Union,43
2018-10-16 16:29,Union,43
2018-10-16 16:29,Union,43
2018-10-16 16:30,Union,43
2018-10-16 16:30,Union,43
2018-10-16 16:30,Engineering Bldg,43
2018-10-16 16:35,Main and Helen OB,37
2018-10-16 16:35,Main and Helen OB,37
2018-10-16 16:43,Union,21
2018-10-16 16:43,Union,21
2018-10-16 16:43,Union,21
2018-10-16 16:43,Union,21
2018-10-16 16:43,Union,21
2018-10-16 16:43,Union,21
2018-10-16 16:44,Union,21
2018-10-16 16:44,Union,21
2018-10-16 16:44,UDC,37
2018-10-16 16:44,UDC,37
2018-10-16 16:44,UDC,37
2018-10-16 16:44,UDC,37
2018-10-16 16:45,Union,21
2018-10-16 16:45,Union,21
2018-10-16 16:46,Union,21
2018-10-16 16:46,Union,21
2018-10-16 16:47,Union,21
2018-10-16 16:47,Leroy St and Murray IB,37
2018-10-16 16:47,Leroy St and Murray IB,37
2018-10-16 16:47,Leroy St and Murray IB,37
2018-10-16 16:47,Leroy St and Murray IB,37
2018-10-16 16:47,Leroy St and Murray IB,37
2018-10-16 16:47,Leroy St and Murray IB,37
2018-10-16 16:47,Main and Clarke OB,43
2018-10-16 16:47,Leroy St and Murray IB,37
2018-10-16 16:48,Leroy St and Chestnut IB,37
2018-10-16 16:48,Leroy St and Chestnut IB,37
2018-10-16 16:48,Leroy St and Chestnut IB,37
2018-10-16 16:48,Leroy St and Chestnut IB,37
2018-10-16 16:49,Leroy St and Chestnut IB,37
2018-10-16 16:49,Leroy St and Chestnut IB,37
2018-10-16 16:49,Main and Arthur,43
2018-10-16 16:59,Academic A,37
2018-10-16 16:59,Floral and Burbank OB,21
2018-10-16 17:01,Union,891
2018-10-16 17:01,Union,891
2018-10-16 17:01,Union,891
2018-10-16 17:01,Union,891
2018-10-16 17:01,Union,891
2018-10-16 17:01,Union,891
2018-10-16 17:01,Union,891
2018-10-16 17:01,Union,891
2018-10-16 17:01,Union,891
2018-10-16 17:01,Union,891
2018-10-16 17:01,Union,891
2018-10-16 17:01,Union,891
2018-10-16 17:02,Union,891
2018-10-16 17:02,Union,891
2018-10-16 17:02,Union,891
2018-10-16 17:02,Union,891
2018-10-16 17:02,Union,891
2018-10-16 17:02,Union,891
2018-10-16 17:02,Union,891
2018-10-16 17:02,Union,891
2018-10-16 17:03,Union,891
2018-10-16 17:04,Union,891
2018-10-16 17:05,Union,891
2018-10-16 17:05,Union,891
2018-10-16 17:05,Main and Clarke OB,21
2018-10-16 17:10,Denny''s,891
2018-10-16 17:13,UDC,21
2018-10-16 17:13,UDC,21
2018-10-16 17:13,UDC,21
2018-10-16 17:13,UDC,21
2018-10-16 17:13,UDC,21
2018-10-16 17:13,UDC,21
2018-10-16 17:13,UDC,21
2018-10-16 17:13,UDC,21
2018-10-16 17:16,Union,889
2018-10-16 17:16,Union,889
2018-10-16 17:16,Union,889
2018-10-16 17:16,Union,889
2018-10-16 17:16,Leroy St and Front,21
2018-10-16 17:16,Union,889
2018-10-16 17:16,Leroy St and Front,21
2018-10-16 17:16,Union,889
2018-10-16 17:16,Union,889
2018-10-16 17:16,Union,889
2018-10-16 17:16,Union,889
2018-10-16 17:16,Union,889
2018-10-16 17:16,Union,889
2018-10-16 17:16,Union,889
2018-10-16 17:17,Union,889
2018-10-16 17:17,Union,889
2018-10-16 17:17,Union,889
2018-10-16 17:17,Union,889
2018-10-16 17:17,Leroy St and Murray IB,21
2018-10-16 17:17,Union,889
2018-10-16 17:17,Leroy St and Murray IB,21
2018-10-16 17:17,Leroy St and Murray IB,21
2018-10-16 17:17,Leroy St and Murray IB,21
2018-10-16 17:17,Leroy St and Murray IB,21
2018-10-16 17:17,Leroy St and Murray IB,21
2018-10-16 17:17,Leroy St and Murray IB,21
2018-10-16 17:17,Leroy St and Murray IB,21
2018-10-16 17:17,Leroy St and Murray IB,21
2018-10-16 17:17,Leroy St and Murray IB,21
2018-10-16 17:17,Union,889
2018-10-16 17:17,Union,889
2018-10-16 17:18,Union,889
2018-10-16 17:18,Leroy St and Chestnut IB,21
2018-10-16 17:18,Leroy St and Chestnut IB,21
2018-10-16 17:18,Leroy St and Chestnut IB,21
2018-10-16 17:18,Leroy St and Chestnut IB,21
2018-10-16 17:20,Beethoven and Leroy,21
2018-10-16 17:20,Main and Clarke OB,891
2018-10-16 17:20,Physical Facilities OB,889
2018-10-16 17:20,Main and Cedar OB,891
2018-10-16 17:21,Riverside and Beethoven,21
2018-10-16 17:23,Riverside and Margaret IB,21
2018-10-16 17:24,Riverside and Columbus IB,21
2018-10-16 17:34,Union,37
2018-10-16 17:34,Union,37
2018-10-16 17:34,Union,37
2018-10-16 17:34,Union,37
2018-10-16 17:34,Union,37
2018-10-16 17:34,Union,37
2018-10-16 17:34,Union,37
2018-10-16 17:34,Union,37
2018-10-16 17:34,Union,37
2018-10-16 17:34,Union,37
2018-10-16 17:34,Union,37
2018-10-16 17:34,Union,37
2018-10-16 17:35,Union,37
2018-10-16 17:35,Union,37
2018-10-16 17:35,Union,37
2018-10-16 17:35,Union,37
2018-10-16 17:35,Union,37
2018-10-16 17:35,Union,37
2018-10-16 17:35,Union,37
2018-10-16 17:35,Union,37
2018-10-16 17:35,Union,37
2018-10-16 17:35,Union,37
2018-10-16 17:35,Union,37
2018-10-16 17:35,Union,37
2018-10-16 17:35,Union,37
2018-10-16 17:35,Union,37
2018-10-16 17:35,Union,37
2018-10-16 17:35,Union,37
2018-10-16 17:35,Union,37
2018-10-16 17:35,Union,37
2018-10-16 17:35,Union,37
2018-10-16 17:35,Union,37
2018-10-16 17:35,Union,37
2018-10-16 17:35,Union,37
2018-10-16 17:38,Physical Facilities,37
2018-10-16 17:38,Physical Facilities,37
2018-10-16 17:39,UDC,889
2018-10-16 17:39,UDC,889
2018-10-16 17:42,Leroy St and Front,889
2018-10-16 17:42,Leroy St and Front,889
2018-10-16 17:43,Leroy St and Murray IB,889
2018-10-16 17:43,Leroy St and Murray IB,889
2018-10-16 17:43,Leroy St and Murray IB,889
2018-10-16 17:43,Leroy St and Murray IB,889
2018-10-16 17:43,Leroy St and Murray IB,889
2018-10-16 17:43,Leroy St and Murray IB,889
2018-10-16 17:43,Leroy St and Murray IB,889
2018-10-16 17:43,Leroy St and Murray IB,889
2018-10-16 17:44,Leroy St and Chestnut IB,889
2018-10-16 17:44,Leroy St and Chestnut IB,889
2018-10-16 17:45,Leroy St and Laurel IB,889
2018-10-16 17:49,Main and Helen OB,37
2018-10-16 17:49,Union,891
2018-10-16 17:49,Union,891
2018-10-16 17:49,Union,891
2018-10-16 17:49,Union,891
2018-10-16 17:49,Union,891
2018-10-16 17:50,Main and Schiller OB,37
2018-10-16 17:52,Main and Cedar OB,37
2018-10-16 17:52,Main and Cedar OB,37
2018-10-16 17:55,Main and Front OB,37
2018-10-16 17:56,Main and Front OB,37
2018-10-16 17:56,Academic A,889
2018-10-16 18:01,Union,42
2018-10-16 18:01,Union,42
2018-10-16 18:01,Union,42
2018-10-16 18:01,Union,42
2018-10-16 18:02,Union,42
2018-10-16 18:02,Union,42
2018-10-16 18:02,Union,42
2018-10-16 18:02,Union,42
2018-10-16 18:02,Union,42
2018-10-16 18:02,Union,42
2018-10-16 18:02,Union,42
2018-10-16 18:02,Union,42
2018-10-16 18:02,Union,42
2018-10-16 18:02,Union,42
2018-10-16 18:02,Union,42
2018-10-16 18:02,Union,42
2018-10-16 18:02,Union,42
2018-10-16 18:02,Union,42
2018-10-16 18:02,Union,42
2018-10-16 18:02,Union,42
2018-10-16 18:02,Union,42
2018-10-16 18:02,Union,42
2018-10-16 18:02,Union,42
2018-10-16 18:02,Union,42
2018-10-16 18:02,Union,42
2018-10-16 18:02,Union,42
2018-10-16 18:02,Union,42
2018-10-16 18:02,Union,42
2018-10-16 18:02,Union,42
2018-10-16 18:02,Union,42
2018-10-16 18:02,Union,42
2018-10-16 18:02,Union,42
2018-10-16 18:02,Union,42
2018-10-16 18:03,Union,42
2018-10-16 18:03,Union,42
2018-10-16 18:03,Union,42
2018-10-16 18:03,Union,42
2018-10-16 18:03,Union,42
2018-10-16 18:03,Union,42
2018-10-16 18:03,Union,42
2018-10-16 18:03,Floral and Main OB,891
2018-10-16 18:03,Union,42
2018-10-16 18:03,Union,42
2018-10-16 18:03,Union,42
2018-10-16 18:03,Union,42
2018-10-16 18:03,Union,42
2018-10-16 18:03,Union,42
2018-10-16 18:03,Union,42
2018-10-16 18:03,Union,42
2018-10-16 18:03,Union,42
2018-10-16 18:04,Union,42
2018-10-16 18:04,Union,42
2018-10-16 18:07,Physical Facilities,42
2018-10-16 18:09,Main and Murray OB,891
2018-10-16 18:10,Main and Front OB,891
2018-10-16 18:12,UDC,891
2018-10-16 18:12,UDC,891
2018-10-16 18:13,UDC,891
2018-10-16 18:13,Floral and Cleveland OB,42
2018-10-16 18:15,Main and Crestmont OB,42
2018-10-16 18:17,Main and Schiller OB,42
2018-10-16 18:17,Leroy St and Murray IB,891
2018-10-16 18:17,Leroy St and Murray IB,891
2018-10-16 18:17,Leroy St and Murray IB,891
2018-10-16 18:17,Leroy St and Murray IB,891
2018-10-16 18:18,Leroy St and Chestnut IB,891
2018-10-16 18:18,Leroy St and Chestnut IB,891
2018-10-16 18:18,Leroy St and Chestnut IB,891
2018-10-16 18:18,Leroy St and Chestnut IB,891
2018-10-16 18:18,Leroy St and Chestnut IB,891
2018-10-16 18:19,Union,55
2018-10-16 18:19,Union,55
2018-10-16 18:19,Union,55
2018-10-16 18:19,Union,55
2018-10-16 18:19,Union,55
2018-10-16 18:19,Union,55
2018-10-16 18:19,Union,55
2018-10-16 18:19,Union,55
2018-10-16 18:19,Union,55
2018-10-16 18:19,Union,55
2018-10-16 18:19,Union,55
2018-10-16 18:19,Union,55
2018-10-16 18:19,Union,55
2018-10-16 18:19,Union,55
2018-10-16 18:19,Union,55
2018-10-16 18:19,Union,55
2018-10-16 18:19,Union,55
2018-10-16 18:20,Union,55
2018-10-16 18:20,Union,55
2018-10-16 18:23,Riverside and Margaret,891
2018-10-16 18:23,Physical Facilities OB,55
2018-10-16 18:27,UDC,42
2018-10-16 18:27,UDC,42
2018-10-16 18:27,UDC,42
2018-10-16 18:27,UDC,42
2018-10-16 18:27,UDC,42
2018-10-16 18:27,UDC,42
2018-10-16 18:27,UDC,42
2018-10-16 18:37,Union,21
2018-10-16 18:37,Union,21
2018-10-16 18:37,Union,21
2018-10-16 18:37,Union,21
2018-10-16 18:37,Union,21
2018-10-16 18:37,Union,21
2018-10-16 18:37,Union,21
2018-10-16 18:37,Union,21
2018-10-16 18:37,Union,21
2018-10-16 18:37,Union,21
2018-10-16 18:37,Union,21
2018-10-16 18:37,Union,21
2018-10-16 18:37,Union,21
2018-10-16 18:37,Union,21
2018-10-16 18:37,Union,21
2018-10-16 18:37,Union,21
2018-10-16 18:37,Union,21
2018-10-16 18:37,Union,21
2018-10-16 18:37,Union,21
2018-10-16 18:37,Union,21
2018-10-16 18:37,Union,21
2018-10-16 18:37,Union,21
2018-10-16 18:37,Union,21
2018-10-16 18:37,Union,21
2018-10-16 18:37,Union,21
2018-10-16 18:38,Union,21
2018-10-16 18:38,Union,21
2018-10-16 18:38,Union,21
2018-10-16 18:38,Union,21
2018-10-16 18:38,Union,21
2018-10-16 18:46,Leroy St and Murray IB,55
2018-10-16 18:46,Leroy St and Murray IB,55
2018-10-16 18:46,Leroy St and Murray IB,55
2018-10-16 18:46,Leroy St and Murray IB,55
2018-10-16 18:47,Leroy St and Chestnut IB,55
2018-10-16 18:47,Leroy St and Chestnut IB,55
2018-10-16 18:47,Leroy St and Chestnut IB,55
2018-10-16 18:47,Leroy St and Chestnut IB,55
2018-10-16 18:48,Union,42
2018-10-16 18:48,Union,42
2018-10-16 18:48,Union,42
2018-10-16 18:48,Leroy St and Laurel IB,55
2018-10-16 18:48,Union,42
2018-10-16 18:48,Union,42
2018-10-16 18:48,Union,42
2018-10-16 18:48,Union,42
2018-10-16 18:49,Union,42
2018-10-16 18:49,Union,42
2018-10-16 18:50,Union,42
2018-10-16 18:50,Union,42
2018-10-16 18:52,Riverside and Margaret OB,55
2018-10-16 18:52,Main and Helen OB,21
2018-10-16 18:52,Physical Facilities,42
2018-10-16 18:52,Main and Helen OB,21
2018-10-16 18:57,Main and Arthur,21
2018-10-16 19:02,Main and Helen OB,42
2018-10-16 19:04,Main and Clarke OB,42
2018-10-16 19:04,Main and Clarke OB,42
2018-10-16 19:10,UDC,42
2018-10-16 19:14,UDC,42
2018-10-16 19:21,Leroy St and Murray IB,42
2018-10-16 19:21,Leroy St and Murray IB,42
2018-10-16 19:22,Leroy St and Murray IB,42
2018-10-16 19:23,Main and Arthur,43
2018-10-16 19:23,Main and Arthur,43
2018-10-16 19:23,Leroy St and Chestnut IB,42
2018-10-16 19:23,Leroy St and Chestnut IB,42
2018-10-16 19:23,Leroy St and Chestnut IB,42
2018-10-16 19:23,Leroy St and Chestnut IB,42
2018-10-16 19:28,UDC,43
2018-10-16 19:29,UDC,43
2018-10-16 19:30,UDC,43
2018-10-16 19:32,Union,55
2018-10-16 19:32,Union,55
2018-10-16 19:32,Union,55
2018-10-16 19:32,Union,55
2018-10-16 19:32,Union,55
2018-10-16 19:32,Union,55
2018-10-16 19:32,Union,55
2018-10-16 19:33,Union,55
2018-10-16 19:33,Union,55
2018-10-16 19:33,Union,55
2018-10-16 19:33,Union,55
2018-10-16 19:33,Union,55
2018-10-16 19:33,Union,55
2018-10-16 19:33,Union,55
2018-10-16 19:33,Union,55
2018-10-16 19:33,Union,55
2018-10-16 19:33,Union,55
2018-10-16 19:33,Union,55
2018-10-16 19:33,Union,55
2018-10-16 19:33,Union,55
2018-10-16 19:33,Union,55
2018-10-16 19:33,Union,55
2018-10-16 19:33,Union,55
2018-10-16 19:33,Leroy St and Chestnut IB,43
2018-10-16 19:33,Union,55
2018-10-16 19:33,Union,55
2018-10-16 19:33,Leroy St and Chestnut IB,43
2018-10-16 19:33,Union,55
2018-10-16 19:33,Union,55
2018-10-16 19:33,Leroy St and Chestnut IB,43
2018-10-16 19:33,Union,55
2018-10-16 19:33,Union,55
2018-10-16 19:33,Union,55
2018-10-16 19:33,Union,55
2018-10-16 19:33,Union,55
2018-10-16 19:33,Union,55
2018-10-16 19:33,Union,55
2018-10-16 19:33,Union,55
2018-10-16 19:34,Union,55
2018-10-16 19:34,Union,55
2018-10-16 19:34,Union,55
2018-10-16 19:34,Union,55
2018-10-16 19:34,Union,55
2018-10-16 19:34,Union,55
2018-10-16 19:34,Union,55
2018-10-16 19:34,Union,55
2018-10-16 19:34,Union,55
2018-10-16 19:45,Union,21
2018-10-16 19:45,Union,21
2018-10-16 19:45,Union,21
2018-10-16 19:45,Floral and Cleveland OB,55
2018-10-16 19:45,Union,21
2018-10-16 19:45,Union,21
2018-10-16 19:45,Union,21
2018-10-16 19:45,Union,21
2018-10-16 19:45,Union,21
2018-10-16 19:45,Union,21
2018-10-16 19:45,Union,21
2018-10-16 19:45,Union,21
2018-10-16 19:45,Union,21
2018-10-16 19:45,Union,21
2018-10-16 19:45,Union,21
2018-10-16 19:45,Union,21
2018-10-16 19:45,Union,21
2018-10-16 19:45,Union,21
2018-10-16 19:45,Union,21
2018-10-16 19:45,Union,21
2018-10-16 19:45,Union,21
2018-10-16 19:45,Union,21
2018-10-16 19:45,Union,21
2018-10-16 19:45,Union,21
2018-10-16 19:45,Union,21
2018-10-16 19:45,Union,21
2018-10-16 19:46,Union,21
2018-10-16 19:46,Union,21
2018-10-16 19:46,Union,21
2018-10-16 19:46,Union,21
2018-10-16 19:46,Union,21
2018-10-16 19:46,Union,21
2018-10-16 19:46,Union,21
2018-10-16 19:46,Union,21
2018-10-16 19:46,Union,21
2018-10-16 19:46,Union,21
2018-10-16 19:46,Union,21
2018-10-16 19:47,Main and Helen OB,55
2018-10-16 19:48,Main and Helen OB,55
2018-10-16 19:48,Physical Facilities,21
2018-10-16 19:51,Main and Cedar OB,55
2018-10-16 19:51,Main and Cedar OB,55
2018-10-16 19:52,Main and Arthur,55
2018-10-16 19:55,Hawley OB,55
2018-10-16 19:58,Main and Helen OB,21
2018-10-16 19:58,Main and Helen OB,21
2018-10-16 19:58,Main and Helen OB,21
