2018-10-30 07:21,Main and Front IB,889
2018-10-30 07:22,Main and Murray IB,889
2018-10-30 07:22,Main and Murray IB,889
2018-10-30 07:22,Main and Murray IB,889
2018-10-30 07:22,Main and Murray IB,889
2018-10-30 07:22,Main and Murray IB,889
2018-10-30 07:22,Main and Murray IB,889
2018-10-30 07:22,Main and Murray IB,889
2018-10-30 07:23,Main and Mather,889
2018-10-30 07:23,Union,21
2018-10-30 07:23,Main and Mather,889
2018-10-30 07:23,Union,21
2018-10-30 07:24,Main and Cedar IB,889
2018-10-30 07:24,Main and Cedar IB,889
2018-10-30 07:25,Main and Clarke IB,889
2018-10-30 07:25,Main and Clarke IB,889
2018-10-30 07:27,Main and Schiller IB,889
2018-10-30 07:27,Main and Schiller IB,889
2018-10-30 07:28,UDC,41
2018-10-30 07:28,UDC,41
2018-10-30 07:29,UDC,41
2018-10-30 07:29,Floral and Main IB,889
2018-10-30 07:29,UDC,41
2018-10-30 07:30,Floral and Cleveland IB,889
2018-10-30 07:33,Main and Cedar IB,41
2018-10-30 07:35,Main and Schiller IB,41
2018-10-30 07:35,Leroy St and Chestnut OB,21
2018-10-30 07:35,Leroy St and Chestnut OB,21
2018-10-30 07:37,Main and Helen IB,41
2018-10-30 07:37,Main and Helen IB,41
2018-10-30 07:42,Hawley IB,21
2018-10-30 07:43,Union,890
2018-10-30 07:43,Union,890
2018-10-30 07:43,Main and Murray IB,21
2018-10-30 07:43,Main and Murray IB,21
2018-10-30 07:44,Main and Mather,21
2018-10-30 07:44,Main and Mather,21
2018-10-30 07:44,Main and Mather,21
2018-10-30 07:45,Main and Clarke IB,21
2018-10-30 07:45,Main and Clarke IB,21
2018-10-30 07:46,Main and Schiller IB,21
2018-10-30 07:48,Hawley IB,37
2018-10-30 07:48,Hawley IB,37
2018-10-30 07:48,Hawley IB,37
2018-10-30 07:48,Hawley IB,37
2018-10-30 07:48,Main and Crary,21
2018-10-30 07:48,Main and Crary,21
2018-10-30 07:49,Main and Murray IB,37
2018-10-30 07:49,Main and Murray IB,37
2018-10-30 07:50,Main and Mather,37
2018-10-30 07:51,Main and Cedar IB,37
2018-10-30 07:52,Main and Clarke IB,37
2018-10-30 07:52,Main and Clarke IB,37
2018-10-30 07:52,Main and Clarke IB,37
2018-10-30 07:53,Main and Schiller IB,37
2018-10-30 07:53,Main and Schiller IB,37
2018-10-30 07:53,Main and Schiller IB,37
2018-10-30 07:53,Main and Schiller IB,37
2018-10-30 07:55,Floral and Main IB,37
2018-10-30 07:56,Floral and Willow IB,37
2018-10-30 07:56,Floral and Willow IB,37
2018-10-30 07:57,Floral and Harrison IB,37
2018-10-30 08:07,UDC,890
2018-10-30 08:07,UDC,890
2018-10-30 08:08,Hawley IB,890
2018-10-30 08:08,Hawley IB,890
2018-10-30 08:09,Hawley IB,890
2018-10-30 08:09,Hawley IB,890
2018-10-30 08:10,Main and Front IB,890
2018-10-30 08:10,Main and Front IB,890
2018-10-30 08:10,Main and Front IB,890
2018-10-30 08:10,Main and Murray IB,890
2018-10-30 08:10,Main and Murray IB,890
2018-10-30 08:10,Main and Murray IB,890
2018-10-30 08:10,Main and Murray IB,890
2018-10-30 08:11,Main and Murray IB,890
2018-10-30 08:11,Main and Murray IB,890
2018-10-30 08:11,Main and Murray IB,890
2018-10-30 08:11,Main and Murray IB,890
2018-10-30 08:11,Main and Murray IB,890
2018-10-30 08:11,Main and Murray IB,890
2018-10-30 08:11,Main and Murray IB,890
2018-10-30 08:12,Main and Mather,890
2018-10-30 08:12,Main and Mather,890
2018-10-30 08:12,Main and Mather,890
2018-10-30 08:12,Main and Mather,890
2018-10-30 08:12,Main and Mather,890
2018-10-30 08:12,Main and Mather,890
2018-10-30 08:12,Main and Cedar IB,41
2018-10-30 08:12,Main and Cedar IB,41
2018-10-30 08:13,Main and Clarke IB,41
2018-10-30 08:13,Main and Clarke IB,41
2018-10-30 08:13,Main and Clarke IB,41
2018-10-30 08:14,Main and Clarke IB,41
2018-10-30 08:14,Main and Clarke IB,41
2018-10-30 08:14,Main and Schiller IB,41
2018-10-30 08:14,Main and Schiller IB,41
2018-10-30 08:14,Main and Schiller IB,41
2018-10-30 08:14,Main and Schiller IB,41
2018-10-30 08:15,Main and Schiller IB,41
2018-10-30 08:15,Main and Schiller IB,41
2018-10-30 08:15,Main and Schiller IB,41
2018-10-30 08:15,Main and Schiller IB,41
2018-10-30 08:15,Main and Schiller IB,41
2018-10-30 08:15,Main and Schiller IB,41
2018-10-30 08:15,Main and Schiller IB,41
2018-10-30 08:15,Main and Schiller IB,41
2018-10-30 08:15,Main and Schiller IB,41
2018-10-30 08:15,Main and Schiller IB,41
2018-10-30 08:15,Main and Schiller IB,41
2018-10-30 08:15,Main and Schiller IB,41
2018-10-30 08:15,Main and Schiller IB,41
2018-10-30 08:16,Union,526
2018-10-30 08:16,Union,526
2018-10-30 08:17,Hawley IB,43
2018-10-30 08:17,Union,526
2018-10-30 08:17,Main and Helen IB,41
2018-10-30 08:17,Main and Helen IB,41
2018-10-30 08:17,Floral and Cleveland IB,890
2018-10-30 08:17,Floral and Cleveland IB,890
2018-10-30 08:17,Floral and Cleveland IB,890
2018-10-30 08:17,Floral and Cleveland IB,890
2018-10-30 08:18,Main and Front IB,43
2018-10-30 08:18,Floral and Burbank IB,890
2018-10-30 08:19,Main and Murray IB,43
2018-10-30 08:19,Main and Murray IB,43
2018-10-30 08:19,Floral and Willow IB,890
2018-10-30 08:19,Floral and Cleveland IB,41
2018-10-30 08:19,Floral and Cleveland IB,41
2018-10-30 08:19,Floral and Cleveland IB,41
2018-10-30 08:19,Main and Mather,43
2018-10-30 08:19,Floral and Harrison IB,890
2018-10-30 08:20,Main and Mather,43
2018-10-30 08:20,Floral and St. Charles,890
2018-10-30 08:20,Floral and St. Charles,890
2018-10-30 08:21,Floral and Harrison IB,41
2018-10-30 08:21,Main and Cedar IB,43
2018-10-30 08:21,Main and Cedar IB,43
2018-10-30 08:21,Main and Cedar IB,43
2018-10-30 08:23,Main and Schiller IB,43
2018-10-30 08:23,Main and Schiller IB,43
2018-10-30 08:23,Main and Schiller IB,43
2018-10-30 08:23,Main and Schiller IB,43
2018-10-30 08:23,Main and Schiller IB,43
2018-10-30 08:23,Main and Schiller IB,43
2018-10-30 08:24,Main and Helen IB,43
2018-10-30 08:27,Floral and Cleveland IB,43
2018-10-30 08:27,Floral and Cleveland IB,43
2018-10-30 08:36,UDC,526
2018-10-30 08:36,UDC,526
2018-10-30 08:40,Main and Murray IB,526
2018-10-30 08:40,Main and Murray IB,526
2018-10-30 08:40,Main and Murray IB,526
2018-10-30 08:40,Main and Murray IB,526
2018-10-30 08:40,Main and Murray IB,526
2018-10-30 08:43,Main and Cedar IB,526
2018-10-30 08:43,Main and Cedar IB,526
2018-10-30 08:45,Main and Schiller IB,526
2018-10-30 08:45,Main and Schiller IB,526
2018-10-30 08:45,Main and Schiller IB,526
2018-10-30 08:45,Main and Schiller IB,526
2018-10-30 08:45,Main and Schiller IB,526
2018-10-30 08:45,Main and Schiller IB,526
2018-10-30 08:45,Main and Schiller IB,526
2018-10-30 08:46,Main and Helen IB,526
2018-10-30 08:46,Main and Helen IB,526
2018-10-30 08:47,Unknown,21
2018-10-30 08:49,Main and Front IB,21
2018-10-30 08:49,Main and Front IB,21
2018-10-30 08:49,Main and Front IB,21
2018-10-30 08:49,Floral and Burbank IB,526
2018-10-30 08:50,Main and Murray IB,21
2018-10-30 08:50,Main and Murray IB,21
2018-10-30 08:50,Main and Murray IB,21
2018-10-30 08:51,Floral and St. Charles,526
2018-10-30 08:51,Main and Mather,21
2018-10-30 08:51,Main and Cedar IB,21
2018-10-30 08:52,Main and Clarke IB,21
2018-10-30 08:57,Floral and Harrison IB,21
2018-10-30 08:58,UDC,37
2018-10-30 09:02,Hawley IB,37
2018-10-30 09:02,Hawley IB,37
2018-10-30 09:02,Hawley IB,37
2018-10-30 09:03,Main and Front IB,37
2018-10-30 09:04,Main and Murray IB,37
2018-10-30 09:06,Main and Cedar IB,37
2018-10-30 09:06,Main and Cedar IB,37
2018-10-30 09:06,Main and Cedar IB,37
2018-10-30 09:06,Main and Cedar IB,37
2018-10-30 09:06,Main and Cedar IB,37
2018-10-30 09:07,Main and Schiller IB,37
2018-10-30 09:07,Main and Schiller IB,37
2018-10-30 09:08,Hawley IB,890
2018-10-30 09:09,Main and Front IB,890
2018-10-30 09:10,Main and Murray IB,890
2018-10-30 09:10,Main and Murray IB,890
2018-10-30 09:10,Floral and Cleveland IB,37
2018-10-30 09:10,Floral and Cleveland IB,37
2018-10-30 09:11,Main and Mather,890
2018-10-30 09:11,Floral and Burbank IB,37
2018-10-30 09:11,Main and Cedar IB,890
2018-10-30 09:11,Main and Cedar IB,890
2018-10-30 09:12,Main and Clarke IB,890
2018-10-30 09:12,Main and Clarke IB,890
2018-10-30 09:12,Floral and St. Charles,37
2018-10-30 09:13,Unknown,55
2018-10-30 09:13,Main and Schiller IB,890
2018-10-30 09:13,Main and Schiller IB,890
2018-10-30 09:13,Main and Schiller IB,890
2018-10-30 09:13,Main and Schiller IB,890
2018-10-30 09:13,Main and Schiller IB,890
2018-10-30 09:13,Main and Schiller IB,890
2018-10-30 09:14,Main and Helen IB,890
2018-10-30 09:15,Main and Crary,890
2018-10-30 09:15,Main and Crary,890
2018-10-30 09:16,Floral and Cleveland IB,890
2018-10-30 09:17,Floral and Willow IB,890
2018-10-30 09:17,Floral and Willow IB,890
2018-10-30 09:17,Floral and Willow IB,890
2018-10-30 09:18,Unknown,526
2018-10-30 09:18,Unknown,526
2018-10-30 09:18,Floral and Roberts IB,890
2018-10-30 09:19,Main and Front IB,526
2018-10-30 09:19,Main and Front IB,526
2018-10-30 09:19,Main and Front IB,526
2018-10-30 09:20,Main and Murray IB,526
2018-10-30 09:20,Main and Murray IB,526
2018-10-30 09:20,Main and Murray IB,526
2018-10-30 09:20,Main and Murray IB,526
2018-10-30 09:21,Main and Mather,526
2018-10-30 09:21,Main and Mather,526
2018-10-30 09:22,Main and Cedar IB,526
2018-10-30 09:22,Main and Cedar IB,526
2018-10-30 09:22,Main and Clarke IB,526
2018-10-30 09:24,Main and Schiller IB,526
2018-10-30 09:24,Main and Schiller IB,526
2018-10-30 09:24,Main and Schiller IB,526
2018-10-30 09:24,Main and Schiller IB,526
2018-10-30 09:24,Main and Schiller IB,526
2018-10-30 09:24,Main and Schiller IB,526
2018-10-30 09:24,Main and Schiller IB,526
2018-10-30 09:24,Main and Schiller IB,526
2018-10-30 09:24,Main and Schiller IB,526
2018-10-30 09:24,Main and Schiller IB,526
2018-10-30 09:27,Floral and Main IB,526
2018-10-30 09:27,Floral and Cleveland IB,526
2018-10-30 09:30,UDC,43
2018-10-30 09:30,UDC,43
2018-10-30 09:30,UDC,43
2018-10-30 09:30,UDC,43
2018-10-30 09:30,UDC,43
2018-10-30 09:30,UDC,43
2018-10-30 09:30,UDC,43
2018-10-30 09:30,UDC,43
2018-10-30 09:30,UDC,43
2018-10-30 09:30,UDC,43
2018-10-30 09:31,UDC,43
2018-10-30 09:32,UDC,43
2018-10-30 09:32,UDC,43
2018-10-30 09:37,Union,526
2018-10-30 09:37,Hawley IB,43
2018-10-30 09:37,Hawley IB,43
2018-10-30 09:37,Hawley IB,43
2018-10-30 09:37,Hawley IB,43
2018-10-30 09:37,Hawley IB,43
2018-10-30 09:37,Hawley IB,43
2018-10-30 09:37,Hawley IB,43
2018-10-30 09:37,Hawley IB,43
2018-10-30 09:37,Hawley IB,43
2018-10-30 09:37,Hawley IB,43
2018-10-30 09:37,Hawley IB,43
2018-10-30 09:37,Hawley IB,43
2018-10-30 09:37,Hawley IB,43
2018-10-30 09:37,Hawley IB,43
2018-10-30 09:37,Hawley IB,43
2018-10-30 09:38,Main and Front IB,43
2018-10-30 09:38,Main and Front IB,43
2018-10-30 09:38,Main and Front IB,43
2018-10-30 09:38,Main and Front IB,43
2018-10-30 09:38,Main and Front IB,43
2018-10-30 09:39,Main and Murray IB,43
2018-10-30 09:39,Main and Murray IB,43
2018-10-30 09:39,Main and Murray IB,43
2018-10-30 09:39,Main and Murray IB,43
2018-10-30 09:39,Main and Murray IB,43
2018-10-30 09:39,Main and Murray IB,43
2018-10-30 09:39,Main and Murray IB,43
2018-10-30 09:39,Main and Murray IB,43
2018-10-30 09:39,Main and Murray IB,43
2018-10-30 09:39,Main and Murray IB,43
2018-10-30 09:39,Main and Murray IB,43
2018-10-30 09:39,Main and Murray IB,43
2018-10-30 09:39,Main and Murray IB,43
2018-10-30 09:39,Main and Murray IB,43
2018-10-30 09:39,Main and Murray IB,43
2018-10-30 09:39,Main and Murray IB,43
2018-10-30 09:39,Main and Murray IB,43
2018-10-30 09:39,Main and Murray IB,43
2018-10-30 09:40,Main and Murray IB,43
2018-10-30 09:40,Main and Murray IB,43
2018-10-30 09:40,Main and Murray IB,43
2018-10-30 09:44,Union,21
2018-10-30 09:44,Union,21
2018-10-30 09:49,Main and Murray IB,890
2018-10-30 09:49,Main and Murray IB,890
2018-10-30 09:49,Main and Murray IB,890
2018-10-30 09:49,Main and Murray IB,890
2018-10-30 09:49,Main and Murray IB,890
2018-10-30 09:49,Main and Murray IB,890
2018-10-30 09:49,Main and Mather,890
2018-10-30 09:49,Main and Mather,890
2018-10-30 09:49,Main and Mather,890
2018-10-30 09:49,Main and Mather,890
2018-10-30 09:50,Main and Mather,890
2018-10-30 09:50,Main and Mather,890
2018-10-30 09:50,Main and Mather,890
2018-10-30 09:50,Main and Mather,890
2018-10-30 09:50,Main and Mather,890
2018-10-30 09:50,Main and Mather,890
2018-10-30 09:50,Main and Mather,890
2018-10-30 09:50,Main and Mather,890
2018-10-30 09:51,Main and Cedar IB,890
2018-10-30 09:51,Main and Cedar IB,890
2018-10-30 09:51,Main and Cedar IB,890
2018-10-30 09:51,Main and Cedar IB,890
2018-10-30 09:52,Main and Clarke IB,890
2018-10-30 09:52,Main and Clarke IB,890
2018-10-30 09:52,Main and Clarke IB,890
2018-10-30 09:52,Main and Clarke IB,890
2018-10-30 09:52,Main and Clarke IB,890
2018-10-30 09:52,Main and Clarke IB,890
2018-10-30 09:53,Main and Schiller IB,890
2018-10-30 09:53,Main and Schiller IB,890
2018-10-30 09:53,Main and Schiller IB,890
2018-10-30 09:53,Main and Schiller IB,890
2018-10-30 09:53,Main and Schiller IB,890
2018-10-30 09:53,Main and Schiller IB,890
2018-10-30 09:53,Main and Schiller IB,890
2018-10-30 09:53,Main and Schiller IB,890
2018-10-30 09:53,Main and Schiller IB,890
2018-10-30 09:53,Main and Schiller IB,890
2018-10-30 09:55,Main and Crary,890
2018-10-30 09:56,Floral and Cleveland IB,890
2018-10-30 09:56,Floral and Cleveland IB,890
2018-10-30 09:57,Floral and Burbank IB,890
2018-10-30 09:57,Floral and Burbank IB,890
2018-10-30 10:08,Main and Murray IB,21
2018-10-30 10:08,Main and Murray IB,21
2018-10-30 10:09,Main and Mather,21
2018-10-30 10:09,Main and Mather,21
2018-10-30 10:09,Main and Cedar IB,21
2018-10-30 10:10,Main and Clarke IB,21
2018-10-30 10:11,Main and Schiller IB,21
2018-10-30 10:11,Main and Schiller IB,21
2018-10-30 10:11,Main and Schiller IB,21
2018-10-30 10:12,Main and Helen IB,21
2018-10-30 10:14,Floral and Cleveland IB,21
2018-10-30 10:14,Floral and Cleveland IB,21
2018-10-30 10:14,Union,526
2018-10-30 10:14,Union,526
2018-10-30 10:14,Union,526
2018-10-30 10:14,Union,526
2018-10-30 10:14,Union,526
2018-10-30 10:14,Floral and Cleveland IB,21
2018-10-30 10:14,Union,526
2018-10-30 10:14,Union,526
2018-10-30 10:14,Union,526
2018-10-30 10:14,Union,526
2018-10-30 10:14,Union,526
2018-10-30 10:14,Union,526
2018-10-30 10:14,Union,526
2018-10-30 10:14,Union,526
2018-10-30 10:15,Union,526
2018-10-30 10:15,Union,526
2018-10-30 10:15,Union,526
2018-10-30 10:15,Union,526
2018-10-30 10:15,Union,526
2018-10-30 10:15,Union,526
2018-10-30 10:15,Union,526
2018-10-30 10:15,Union,526
2018-10-30 10:15,Union,526
2018-10-30 10:17,Union,526
2018-10-30 10:22,Main and Murray IB,37
2018-10-30 10:22,Main and Murray IB,37
2018-10-30 10:22,Main and Murray IB,37
2018-10-30 10:23,Main and Mather,37
2018-10-30 10:23,Main and Mather,37
2018-10-30 10:23,Main and Mather,37
2018-10-30 10:24,Main and Cedar IB,37
2018-10-30 10:26,Main and Schiller IB,37
2018-10-30 10:26,Main and Schiller IB,37
2018-10-30 10:26,Main and Schiller IB,37
2018-10-30 10:27,Main and Helen IB,37
2018-10-30 10:29,Floral and Cleveland IB,37
2018-10-30 10:29,Floral and Cleveland IB,37
2018-10-30 10:30,Floral and Burbank IB,37
2018-10-30 10:30,Floral and Burbank IB,37
2018-10-30 10:30,Floral and Burbank IB,37
2018-10-30 10:35,UDC,526
2018-10-30 10:39,Main and Murray IB,526
2018-10-30 10:39,Main and Murray IB,526
2018-10-30 10:39,Main and Murray IB,526
2018-10-30 10:40,Main and Cedar IB,526
2018-10-30 10:40,Main and Cedar IB,526
2018-10-30 10:40,Main and Cedar IB,526
2018-10-30 10:40,Main and Cedar IB,526
2018-10-30 10:42,Main and Clarke IB,526
2018-10-30 10:42,Main and Clarke IB,526
2018-10-30 10:43,Main and Schiller IB,526
2018-10-30 10:43,Main and Schiller IB,526
2018-10-30 10:43,Main and Schiller IB,526
2018-10-30 10:43,Main and Schiller IB,526
2018-10-30 10:43,Main and Schiller IB,526
2018-10-30 10:43,Main and Schiller IB,526
2018-10-30 10:43,Main and Schiller IB,526
2018-10-30 10:45,Main and Helen IB,526
2018-10-30 10:48,Floral and Cleveland IB,526
2018-10-30 10:48,Floral and Cleveland IB,526
2018-10-30 10:48,Floral and Cleveland IB,526
2018-10-30 10:49,Floral and Roberts IB,526
2018-10-30 10:49,Floral and Roberts IB,526
2018-10-30 10:50,Floral and Cook,526
2018-10-30 10:56,Hawley IB,889
2018-10-30 10:56,Hawley IB,889
2018-10-30 10:56,Hawley IB,889
2018-10-30 10:58,Main and Front IB,889
2018-10-30 10:59,Main and Murray IB,889
2018-10-30 10:59,Main and Murray IB,889
2018-10-30 10:59,Main and Murray IB,889
2018-10-30 10:59,Main and Murray IB,889
2018-10-30 10:59,Main and Murray IB,889
2018-10-30 11:00,Main and Mather,889
2018-10-30 11:00,Main and Mather,889
2018-10-30 11:00,Main and Mather,889
2018-10-30 11:00,Main and Mather,889
2018-10-30 11:00,Main and Mather,889
2018-10-30 11:01,Main and Cedar IB,889
2018-10-30 11:02,Main and Clarke IB,889
2018-10-30 11:02,Main and Clarke IB,889
2018-10-30 11:02,Main and Clarke IB,889
2018-10-30 11:03,Main and Schiller IB,889
2018-10-30 11:05,Main and Helen IB,889
2018-10-30 11:06,Unknown,43
2018-10-30 11:06,Unknown,43
2018-10-30 11:06,Unknown,43
2018-10-30 11:06,Unknown,43
2018-10-30 11:07,Unknown,43
2018-10-30 11:07,Unknown,43
2018-10-30 11:07,Floral and Main IB,889
2018-10-30 11:08,Floral and Cleveland IB,889
2018-10-30 11:08,Main and Front IB,43
2018-10-30 11:08,Floral and Cleveland IB,889
2018-10-30 11:08,Floral and Burbank IB,889
2018-10-30 11:08,Main and Murray IB,43
2018-10-30 11:09,Main and Murray IB,43
2018-10-30 11:09,Main and Murray IB,43
2018-10-30 11:09,Main and Murray IB,43
2018-10-30 11:09,Main and Murray IB,43
2018-10-30 11:09,Main and Murray IB,43
2018-10-30 11:09,Main and Murray IB,43
2018-10-30 11:09,Main and Murray IB,43
2018-10-30 11:09,Main and Murray IB,43
2018-10-30 11:09,Main and Murray IB,43
2018-10-30 11:09,Main and Murray IB,43
2018-10-30 11:09,Main and Murray IB,43
2018-10-30 11:09,Main and Murray IB,43
2018-10-30 11:09,Main and Murray IB,43
2018-10-30 11:09,Main and Murray IB,43
2018-10-30 11:09,Floral and Willow IB,889
2018-10-30 11:09,Floral and Willow IB,889
2018-10-30 11:09,Main and Murray IB,43
2018-10-30 11:10,Main and Mather,43
2018-10-30 11:10,Main and Mather,43
2018-10-30 11:10,Main and Mather,43
2018-10-30 11:10,Main and Mather,43
2018-10-30 11:10,Floral and St. Charles,889
2018-10-30 11:11,Main and Cedar IB,43
2018-10-30 11:11,Union,891
2018-10-30 11:11,Union,891
2018-10-30 11:11,Union,891
2018-10-30 11:11,Union,891
2018-10-30 11:12,Union,891
2018-10-30 11:12,Main and Clarke IB,43
2018-10-30 11:12,Main and Clarke IB,43
2018-10-30 11:12,Main and Clarke IB,43
2018-10-30 11:12,Main and Clarke IB,43
2018-10-30 11:12,Main and Clarke IB,43
2018-10-30 11:12,Union,891
2018-10-30 11:12,Main and Clarke IB,43
2018-10-30 11:12,Main and Clarke IB,43
2018-10-30 11:12,Main and Clarke IB,43
2018-10-30 11:12,Main and Clarke IB,43
2018-10-30 11:12,Union,891
2018-10-30 11:12,Union,891
2018-10-30 11:13,Main and Schiller IB,43
2018-10-30 11:13,Main and Schiller IB,43
2018-10-30 11:13,Main and Schiller IB,43
2018-10-30 11:13,Main and Schiller IB,43
2018-10-30 11:13,Main and Schiller IB,43
2018-10-30 11:13,Main and Schiller IB,43
2018-10-30 11:13,Main and Schiller IB,43
2018-10-30 11:14,Union,891
2018-10-30 11:15,Leroy St and Murray OB,41
2018-10-30 11:15,Union,891
2018-10-30 11:15,Main and Crary,43
2018-10-30 11:15,Main and Crary,43
2018-10-30 11:15,Main and Crary,43
2018-10-30 11:17,Floral and Cleveland IB,43
2018-10-30 11:17,Floral and Cleveland IB,43
2018-10-30 11:17,Floral and Cleveland IB,43
2018-10-30 11:18,UDC,41
2018-10-30 11:18,UDC,41
2018-10-30 11:18,Floral and Burbank IB,43
2018-10-30 11:18,Floral and Burbank IB,43
2018-10-30 11:18,Union,889
2018-10-30 11:18,Union,889
2018-10-30 11:18,Union,889
2018-10-30 11:19,UDC,41
2018-10-30 11:19,Union,889
2018-10-30 11:19,Floral and St. Charles,43
2018-10-30 11:22,Hawley IB,41
2018-10-30 11:22,Hawley IB,41
2018-10-30 11:23,Hawley IB,41
2018-10-30 11:25,Main and Murray IB,41
2018-10-30 11:25,Main and Murray IB,41
2018-10-30 11:25,Main and Murray IB,41
2018-10-30 11:25,Main and Murray IB,41
2018-10-30 11:25,Main and Murray IB,41
2018-10-30 11:25,Main and Murray IB,41
2018-10-30 11:25,Main and Murray IB,41
2018-10-30 11:25,Main and Murray IB,41
2018-10-30 11:25,Main and Murray IB,41
2018-10-30 11:25,Main and Murray IB,41
2018-10-30 11:25,Main and Murray IB,41
2018-10-30 11:26,Main and Mather,41
2018-10-30 11:26,Main and Mather,41
2018-10-30 11:26,Main and Mather,41
2018-10-30 11:27,Main and Cedar IB,41
2018-10-30 11:27,Main and Cedar IB,41
2018-10-30 11:27,Main and Cedar IB,41
2018-10-30 11:27,Leroy St and Murray OB,891
2018-10-30 11:27,Main and Clarke IB,41
2018-10-30 11:27,Main and Clarke IB,41
2018-10-30 11:27,Main and Clarke IB,41
2018-10-30 11:28,Unknown,41
2018-10-30 11:28,Unknown,41
2018-10-30 11:28,Unknown,41
2018-10-30 11:28,Unknown,41
2018-10-30 11:28,Unknown,41
2018-10-30 11:29,Unknown,41
2018-10-30 11:31,Main and Helen IB,41
2018-10-30 11:34,Unknown,21
2018-10-30 11:36,Main and Front IB,21
2018-10-30 11:37,Main and Murray IB,21
2018-10-30 11:37,Main and Murray IB,21
2018-10-30 11:37,Main and Murray IB,21
2018-10-30 11:37,Main and Murray IB,21
2018-10-30 11:37,Main and Murray IB,21
2018-10-30 11:37,Main and Murray IB,21
2018-10-30 11:38,Main and Mather,21
2018-10-30 11:38,Main and Cedar IB,21
2018-10-30 11:38,Main and Cedar IB,21
2018-10-30 11:40,Main and Clarke IB,21
2018-10-30 11:41,Main and Schiller IB,21
2018-10-30 11:43,Floral and Main IB,21
2018-10-30 11:43,Union,43
2018-10-30 11:43,Union,43
2018-10-30 11:43,Union,43
2018-10-30 11:43,Union,43
2018-10-30 11:44,Union,43
2018-10-30 11:44,Union,43
2018-10-30 11:44,Union,43
2018-10-30 11:44,Union,43
2018-10-30 11:44,Floral and Cleveland IB,21
2018-10-30 11:44,Union,43
2018-10-30 11:44,Floral and Cleveland IB,21
2018-10-30 11:44,Union,43
2018-10-30 11:44,Union,43
2018-10-30 11:44,Floral and Cleveland IB,21
2018-10-30 11:44,Union,43
2018-10-30 11:44,Union,43
2018-10-30 11:44,Union,43
2018-10-30 11:44,Union,43
2018-10-30 11:44,Union,43
2018-10-30 11:45,Union,43
2018-10-30 11:45,Floral and Willow IB,21
2018-10-30 11:45,Union,43
2018-10-30 11:45,Floral and Cleveland IB,891
2018-10-30 11:50,Physical Facilities,43
2018-10-30 11:50,Physical Facilities,43
2018-10-30 11:56,Union,890
2018-10-30 11:56,Union,890
2018-10-30 11:56,Union,890
2018-10-30 11:56,Union,890
2018-10-30 11:57,Union,890
2018-10-30 11:57,Union,890
2018-10-30 11:57,Union,890
2018-10-30 11:57,Union,890
2018-10-30 11:57,Union,890
2018-10-30 11:57,Union,890
2018-10-30 11:57,Union,890
2018-10-30 12:01,Leroy St and Chestnut OB,43
2018-10-30 12:05,UDC,43
2018-10-30 12:06,UDC,43
2018-10-30 12:06,UDC,43
2018-10-30 12:09,Main and Front IB,43
2018-10-30 12:10,Main and Murray IB,43
2018-10-30 12:10,Main and Murray IB,43
2018-10-30 12:11,Main and Mather,43
2018-10-30 12:11,Main and Mather,43
2018-10-30 12:11,Main and Mather,43
2018-10-30 12:12,Union,891
2018-10-30 12:12,Union,891
2018-10-30 12:12,Union,891
2018-10-30 12:12,Union,891
2018-10-30 12:12,Union,891
2018-10-30 12:12,Union,891
2018-10-30 12:12,Main and Cedar IB,43
2018-10-30 12:13,Main and Cedar IB,43
2018-10-30 12:13,Union,891
2018-10-30 12:13,Union,891
2018-10-30 12:13,Union,891
2018-10-30 12:13,Union,891
2018-10-30 12:13,Union,891
2018-10-30 12:13,Union,891
2018-10-30 12:14,Main and Clarke IB,43
2018-10-30 12:14,Main and Schiller IB,43
2018-10-30 12:14,Main and Schiller IB,43
2018-10-30 12:15,Main and Schiller IB,43
2018-10-30 12:17,Physical Facilities,891
2018-10-30 12:17,Physical Facilities,891
2018-10-30 12:19,Floral and Cleveland IB,43
2018-10-30 12:19,Floral and Cleveland IB,43
2018-10-30 12:20,Floral and Roberts IB,43
2018-10-30 12:22,Hawley IB,890
2018-10-30 12:23,Main and Murray IB,890
2018-10-30 12:23,Main and Murray IB,890
2018-10-30 12:24,Main and Murray IB,890
2018-10-30 12:24,Main and Murray IB,890
2018-10-30 12:24,Main and Murray IB,890
2018-10-30 12:24,Main and Mather,890
2018-10-30 12:24,Main and Mather,890
2018-10-30 12:24,Main and Mather,890
2018-10-30 12:26,Main and Cedar IB,890
2018-10-30 12:26,Main and Cedar IB,890
2018-10-30 12:26,Main and Cedar IB,890
2018-10-30 12:26,Main and Cedar IB,890
2018-10-30 12:27,Main and Clarke IB,890
2018-10-30 12:28,Leroy St and Murray OB,891
2018-10-30 12:28,Unknown,890
2018-10-30 12:28,Unknown,890
2018-10-30 12:28,Unknown,890
2018-10-30 12:28,Unknown,890
2018-10-30 12:28,Unknown,890
2018-10-30 12:28,Unknown,890
2018-10-30 12:28,Unknown,890
2018-10-30 12:28,Unknown,890
2018-10-30 12:28,Unknown,890
2018-10-30 12:28,Unknown,890
2018-10-30 12:28,Unknown,890
2018-10-30 12:31,Main and Helen IB,890
2018-10-30 12:33,Floral and Burbank IB,890
2018-10-30 12:38,Unknown,891
2018-10-30 12:38,Unknown,891
2018-10-30 12:38,Unknown,891
2018-10-30 12:38,Unknown,891
2018-10-30 12:39,Main and Front IB,891
2018-10-30 12:39,Main and Front IB,891
2018-10-30 12:39,Main and Front IB,891
2018-10-30 12:39,Main and Front IB,891
2018-10-30 12:39,Main and Front IB,891
2018-10-30 12:40,Main and Murray IB,891
2018-10-30 12:40,Main and Murray IB,891
2018-10-30 12:40,Main and Murray IB,891
2018-10-30 12:40,Main and Murray IB,891
2018-10-30 12:40,Main and Murray IB,891
2018-10-30 12:40,Main and Murray IB,891
2018-10-30 12:41,Main and Mather,891
2018-10-30 12:41,Main and Mather,891
2018-10-30 12:41,Main and Mather,891
2018-10-30 12:41,Main and Mather,891
2018-10-30 12:41,Main and Mather,891
2018-10-30 12:41,Main and Mather,891
2018-10-30 12:41,Main and Mather,891
2018-10-30 12:41,Main and Mather,891
2018-10-30 12:41,Main and Mather,891
2018-10-30 12:41,Main and Mather,891
2018-10-30 12:41,Main and Mather,891
2018-10-30 12:41,Main and Mather,891
2018-10-30 12:43,Main and Cedar IB,891
2018-10-30 12:43,Main and Cedar IB,891
2018-10-30 12:43,Main and Cedar IB,891
2018-10-30 12:43,Main and Cedar IB,891
2018-10-30 12:43,Union,21
2018-10-30 12:43,Main and Cedar IB,891
2018-10-30 12:43,Union,21
2018-10-30 12:43,Union,21
2018-10-30 12:43,Union,21
2018-10-30 12:43,Union,21
2018-10-30 12:43,Union,21
2018-10-30 12:44,Main and Clarke IB,891
2018-10-30 12:44,Union,21
2018-10-30 12:44,Main and Clarke IB,891
2018-10-30 12:44,Main and Clarke IB,891
2018-10-30 12:44,Main and Clarke IB,891
2018-10-30 12:44,Union,21
2018-10-30 12:44,Main and Clarke IB,891
2018-10-30 12:44,Main and Clarke IB,891
2018-10-30 12:44,Main and Clarke IB,891
2018-10-30 12:44,Main and Clarke IB,891
2018-10-30 12:45,Main and Schiller IB,891
2018-10-30 12:45,Main and Schiller IB,891
2018-10-30 12:45,Main and Schiller IB,891
2018-10-30 12:45,Main and Schiller IB,891
2018-10-30 12:45,Main and Schiller IB,891
2018-10-30 12:45,Main and Schiller IB,891
2018-10-30 12:45,Main and Schiller IB,891
2018-10-30 12:45,Main and Schiller IB,891
2018-10-30 12:45,Main and Schiller IB,891
2018-10-30 12:45,Main and Schiller IB,891
2018-10-30 12:45,Union,21
2018-10-30 12:45,Main and Schiller IB,891
2018-10-30 12:48,Physical Facilities,21
2018-10-30 12:49,UDC,41
2018-10-30 12:50,UDC,41
2018-10-30 12:50,UDC,41
2018-10-30 12:52,Unknown,41
2018-10-30 12:52,Unknown,41
2018-10-30 12:54,Main and Front IB,41
2018-10-30 12:55,Main and Murray IB,41
2018-10-30 12:55,Main and Murray IB,41
2018-10-30 12:55,Main and Murray IB,41
2018-10-30 12:55,Main and Murray IB,41
2018-10-30 12:55,Main and Murray IB,41
2018-10-30 12:55,Main and Murray IB,41
2018-10-30 12:55,Main and Murray IB,41
2018-10-30 12:55,Main and Murray IB,41
2018-10-30 12:55,Main and Murray IB,41
2018-10-30 12:55,Main and Murray IB,41
2018-10-30 12:56,Main and Mather,41
2018-10-30 12:56,Main and Mather,41
2018-10-30 12:56,Main and Mather,41
2018-10-30 12:56,Main and Mather,41
2018-10-30 12:56,Main and Mather,41
2018-10-30 12:56,Main and Mather,41
2018-10-30 12:56,Main and Mather,41
2018-10-30 12:56,Main and Mather,41
2018-10-30 12:58,Leroy St and Murray OB,21
2018-10-30 12:58,Main and Cedar IB,41
2018-10-30 12:58,Main and Cedar IB,41
2018-10-30 12:58,Main and Cedar IB,41
2018-10-30 12:58,Main and Cedar IB,41
2018-10-30 12:58,Main and Clarke IB,41
2018-10-30 12:58,Main and Clarke IB,41
2018-10-30 12:59,Riverside and Front,21
2018-10-30 13:00,Riverside and Front,21
2018-10-30 13:02,Main and Helen IB,41
2018-10-30 13:02,Main and Helen IB,41
2018-10-30 13:04,Floral and Main IB,41
2018-10-30 13:04,Floral and Cleveland IB,41
2018-10-30 13:04,Floral and Cleveland IB,41
2018-10-30 13:04,Floral and Cleveland IB,41
2018-10-30 13:04,Floral and Cleveland IB,41
2018-10-30 13:05,Floral and Willow IB,41
2018-10-30 13:06,Floral and Roberts IB,41
2018-10-30 13:07,Floral and Cook,41
2018-10-30 13:09,Main and Murray IB,21
2018-10-30 13:09,Main and Murray IB,21
2018-10-30 13:09,Main and Murray IB,21
2018-10-30 13:09,Main and Murray IB,21
2018-10-30 13:10,Main and Mather,21
2018-10-30 13:10,Main and Mather,21
2018-10-30 13:12,Main and Clarke IB,21
2018-10-30 13:12,Main and Clarke IB,21
2018-10-30 13:12,Main and Clarke IB,21
2018-10-30 13:13,Main and Schiller IB,21
2018-10-30 13:13,Main and Schiller IB,21
2018-10-30 13:13,Main and Schiller IB,21
2018-10-30 13:13,Main and Schiller IB,21
2018-10-30 13:13,Main and Schiller IB,21
2018-10-30 13:15,Main and Helen IB,21
2018-10-30 13:42,Unknown,43
2018-10-30 13:42,Unknown,43
2018-10-30 13:42,Unknown,43
2018-10-30 13:42,Union,891
2018-10-30 13:43,Union,891
2018-10-30 13:43,Union,891
2018-10-30 13:43,Union,891
2018-10-30 13:43,Union,891
2018-10-30 13:44,Main and Murray IB,43
2018-10-30 13:44,Main and Murray IB,43
2018-10-30 13:44,Main and Murray IB,43
2018-10-30 13:44,Main and Murray IB,43
2018-10-30 13:44,Main and Murray IB,43
2018-10-30 13:44,Union,891
2018-10-30 13:45,Main and Murray IB,43
2018-10-30 13:45,Main and Murray IB,43
2018-10-30 13:45,Main and Murray IB,43
2018-10-30 13:45,Union,891
2018-10-30 13:45,Union,891
2018-10-30 13:46,Main and Mather,43
2018-10-30 13:46,Main and Mather,43
2018-10-30 13:46,Main and Mather,43
2018-10-30 13:47,Main and Cedar IB,43
2018-10-30 13:47,Main and Cedar IB,43
2018-10-30 13:47,Main and Cedar IB,43
2018-10-30 13:47,Main and Cedar IB,43
2018-10-30 13:47,Main and Cedar IB,43
2018-10-30 13:47,Main and Clarke IB,43
2018-10-30 13:48,Main and Schiller IB,43
2018-10-30 13:48,Main and Schiller IB,43
2018-10-30 13:48,Main and Schiller IB,43
2018-10-30 13:48,Main and Schiller IB,43
2018-10-30 13:48,Main and Schiller IB,43
2018-10-30 13:51,Main and Helen IB,43
2018-10-30 13:51,Main and Helen IB,43
2018-10-30 14:02,UDC,891
2018-10-30 14:02,Union,43
2018-10-30 14:02,Union,43
2018-10-30 14:02,UDC,891
2018-10-30 14:02,Union,43
2018-10-30 14:02,Union,43
2018-10-30 14:02,Union,43
2018-10-30 14:02,Union,43
2018-10-30 14:02,Union,43
2018-10-30 14:02,Union,43
2018-10-30 14:02,Union,43
2018-10-30 14:02,Union,43
2018-10-30 14:02,Union,43
2018-10-30 14:03,UDC,891
2018-10-30 14:08,Hawley IB,891
2018-10-30 14:08,Hawley IB,891
2018-10-30 14:08,Hawley IB,891
2018-10-30 14:10,Main and Murray IB,891
2018-10-30 14:10,Main and Murray IB,891
2018-10-30 14:10,Main and Murray IB,891
2018-10-30 14:10,Main and Murray IB,891
2018-10-30 14:11,Main and Mather,891
2018-10-30 14:11,Main and Mather,891
2018-10-30 14:11,Main and Mather,891
2018-10-30 14:11,Main and Mather,891
2018-10-30 14:11,Main and Mather,891
2018-10-30 14:11,Main and Mather,891
2018-10-30 14:13,Main and Cedar IB,891
2018-10-30 14:13,Main and Clarke IB,891
2018-10-30 14:13,Main and Clarke IB,891
2018-10-30 14:13,Main and Clarke IB,891
2018-10-30 14:14,Union,889
2018-10-30 14:14,Union,889
2018-10-30 14:14,Union,889
2018-10-30 14:14,Union,889
2018-10-30 14:14,Union,889
2018-10-30 14:14,Main and Schiller IB,891
2018-10-30 14:14,Main and Schiller IB,891
2018-10-30 14:14,Main and Schiller IB,891
2018-10-30 14:15,Main and Schiller IB,891
2018-10-30 14:15,Main and Schiller IB,891
2018-10-30 14:15,Main and Schiller IB,891
2018-10-30 14:15,Main and Schiller IB,891
2018-10-30 14:15,Main and Schiller IB,891
2018-10-30 14:15,Main and Schiller IB,891
2018-10-30 14:15,Main and Schiller IB,891
2018-10-30 14:15,Main and Schiller IB,891
2018-10-30 14:15,Main and Schiller IB,891
2018-10-30 14:17,Main and Helen IB,891
2018-10-30 14:17,Physical Facilities,889
2018-10-30 14:19,Floral and Cleveland IB,891
2018-10-30 14:30,UDC,889
2018-10-30 14:31,UDC,889
2018-10-30 14:34,UDC,889
2018-10-30 14:37,Hawley IB,889
2018-10-30 14:39,Main and Murray IB,889
2018-10-30 14:39,Main and Murray IB,889
2018-10-30 14:39,Main and Murray IB,889
2018-10-30 14:39,Main and Murray IB,889
2018-10-30 14:40,Main and Mather,889
2018-10-30 14:40,Main and Mather,889
2018-10-30 14:40,Main and Mather,889
2018-10-30 14:40,Main and Mather,889
2018-10-30 14:41,Main and Cedar IB,889
2018-10-30 14:41,Main and Cedar IB,889
2018-10-30 14:41,Main and Cedar IB,889
2018-10-30 14:41,Main and Cedar IB,889
2018-10-30 14:41,Main and Cedar IB,889
2018-10-30 14:41,Main and Cedar IB,889
2018-10-30 14:42,Main and Clarke IB,889
2018-10-30 14:42,Main and Clarke IB,889
2018-10-30 14:44,Unknown,889
2018-10-30 14:44,Unknown,889
2018-10-30 14:44,Unknown,889
2018-10-30 14:44,Unknown,889
2018-10-30 14:44,Unknown,889
2018-10-30 14:44,Unknown,889
2018-10-30 14:44,Unknown,889
2018-10-30 14:44,Unknown,889
2018-10-30 14:44,Unknown,889
2018-10-30 14:46,Main and Helen IB,889
2018-10-30 14:46,Main and Helen IB,889
2018-10-30 14:46,Main and Helen IB,889
2018-10-30 14:47,Main and Crary,889
2018-10-30 14:49,Union,43
2018-10-30 14:49,Union,43
2018-10-30 14:49,Union,43
2018-10-30 14:49,Union,43
2018-10-30 14:49,Union,43
2018-10-30 14:49,Union,43
2018-10-30 14:49,Union,43
2018-10-30 14:49,Union,43
2018-10-30 14:49,Union,43
2018-10-30 14:49,Union,43
2018-10-30 14:49,Union,43
2018-10-30 14:49,Union,43
2018-10-30 14:49,Union,43
2018-10-30 14:50,Union,43
2018-10-30 14:50,Union,43
2018-10-30 14:50,Union,43
2018-10-30 14:50,Union,43
2018-10-30 14:50,Union,43
2018-10-30 14:50,Union,43
2018-10-30 14:50,Union,43
2018-10-30 14:50,Union,43
2018-10-30 14:50,Union,43
2018-10-30 14:50,Union,43
2018-10-30 14:50,Union,43
2018-10-30 14:50,Union,43
2018-10-30 14:50,Union,43
2018-10-30 14:50,Union,43
2018-10-30 14:50,Union,43
2018-10-30 14:50,Union,43
2018-10-30 14:50,Union,43
2018-10-30 14:50,Union,43
2018-10-30 14:50,Union,43
2018-10-30 14:50,Union,43
2018-10-30 14:50,Union,43
2018-10-30 14:50,Union,43
2018-10-30 14:50,Union,43
2018-10-30 14:50,Union,43
2018-10-30 14:50,Union,43
2018-10-30 14:50,Union,43
2018-10-30 14:50,Union,43
2018-10-30 14:50,Union,43
2018-10-30 14:50,Union,43
2018-10-30 14:50,Union,43
2018-10-30 14:51,Union,43
2018-10-30 14:51,Union,43
2018-10-30 14:52,Union,43
2018-10-30 15:08,Leroy St and Murray OB,43
2018-10-30 15:13,Union,21
2018-10-30 15:13,Union,21
2018-10-30 15:13,Union,21
2018-10-30 15:13,Union,21
2018-10-30 15:13,Union,21
2018-10-30 15:13,Union,21
2018-10-30 15:13,Union,21
2018-10-30 15:13,Union,21
2018-10-30 15:13,Union,21
2018-10-30 15:13,Union,21
2018-10-30 15:13,Union,21
2018-10-30 15:13,Union,21
2018-10-30 15:13,Union,21
2018-10-30 15:15,Union,21
2018-10-30 15:17,Main and Murray IB,43
2018-10-30 15:17,Main and Murray IB,43
2018-10-30 15:17,Main and Murray IB,43
2018-10-30 15:17,Main and Murray IB,43
2018-10-30 15:17,Main and Murray IB,43
2018-10-30 15:17,Physical Facilities,21
2018-10-30 15:18,Physical Facilities,21
2018-10-30 15:19,Main and Cedar IB,43
2018-10-30 15:19,Main and Cedar IB,43
2018-10-30 15:19,Main and Cedar IB,43
2018-10-30 15:21,Main and Schiller IB,43
2018-10-30 15:24,Floral and Main IB,43
2018-10-30 15:25,Floral and Cleveland IB,43
2018-10-30 15:25,Floral and Cleveland IB,43
2018-10-30 15:25,Floral and Cleveland IB,43
2018-10-30 15:25,Floral and Cleveland IB,43
2018-10-30 15:26,Floral and Burbank IB,43
2018-10-30 15:27,Floral and Harrison IB,43
2018-10-30 15:33,Leroy St and Murray OB,21
2018-10-30 15:41,Hawley IB,21
2018-10-30 15:43,Main and Murray IB,21
2018-10-30 15:43,Main and Murray IB,21
2018-10-30 15:43,Main and Murray IB,21
2018-10-30 15:43,Main and Murray IB,21
2018-10-30 15:43,Main and Murray IB,21
2018-10-30 15:45,Main and Cedar IB,21
2018-10-30 15:45,Main and Cedar IB,21
2018-10-30 15:46,Main and Schiller IB,21
2018-10-30 15:46,Main and Schiller IB,21
2018-10-30 15:46,Main and Schiller IB,21
2018-10-30 15:46,Main and Schiller IB,21
2018-10-30 15:46,Main and Schiller IB,21
2018-10-30 15:46,Main and Schiller IB,21
2018-10-30 15:48,Main and Helen IB,21
2018-10-30 15:48,Main and Helen IB,21
2018-10-30 15:48,Main and Helen IB,21
2018-10-30 15:50,Floral and Main IB,21
2018-10-30 15:51,Floral and Cleveland IB,21
2018-10-30 15:51,Floral and Cleveland IB,21
2018-10-30 15:51,Floral and Cleveland IB,21
2018-10-30 15:51,Floral and Cleveland IB,21
2018-10-30 15:53,Floral and Roberts IB,21
2018-10-30 15:54,Floral and St. Charles,21
2018-10-30 16:04,UDC,889
2018-10-30 16:07,Hawley IB,889
2018-10-30 16:08,Main and Front IB,889
2018-10-30 16:08,Main and Front IB,889
2018-10-30 16:10,Main and Murray IB,889
2018-10-30 16:10,Main and Murray IB,889
2018-10-30 16:11,Main and Mather,889
2018-10-30 16:11,Main and Mather,889
2018-10-30 16:11,Main and Mather,889
2018-10-30 16:12,Main and Cedar IB,889
2018-10-30 16:12,Main and Cedar IB,889
2018-10-30 16:12,Main and Clarke IB,889
2018-10-30 16:12,Main and Clarke IB,889
2018-10-30 16:13,Main and Schiller IB,889
2018-10-30 16:13,Main and Schiller IB,889
2018-10-30 16:13,Main and Schiller IB,889
2018-10-30 16:13,Main and Schiller IB,889
2018-10-30 16:13,Main and Schiller IB,889
2018-10-30 16:13,Main and Schiller IB,889
2018-10-30 16:15,Main and Helen IB,889
2018-10-30 16:17,Union,42
2018-10-30 16:17,Union,42
2018-10-30 16:17,Union,42
2018-10-30 16:17,Union,42
2018-10-30 16:17,Union,42
2018-10-30 16:17,Union,42
2018-10-30 16:17,Union,42
2018-10-30 16:17,Union,42
2018-10-30 16:17,Union,42
2018-10-30 16:17,Union,42
2018-10-30 16:17,Union,42
2018-10-30 16:17,Union,42
2018-10-30 16:17,Union,42
2018-10-30 16:17,Union,42
2018-10-30 16:17,Union,42
2018-10-30 16:17,Union,42
2018-10-30 16:17,Union,42
2018-10-30 16:17,Union,42
2018-10-30 16:17,Union,42
2018-10-30 16:17,Union,42
2018-10-30 16:17,Union,42
2018-10-30 16:17,Union,42
2018-10-30 16:17,Union,42
2018-10-30 16:17,Union,42
2018-10-30 16:17,Union,42
2018-10-30 16:18,Union,42
2018-10-30 16:18,Union,42
2018-10-30 16:18,Union,42
2018-10-30 16:18,Union,42
2018-10-30 16:18,Union,42
2018-10-30 16:18,Floral and Cleveland IB,889
2018-10-30 16:18,Floral and Cleveland IB,889
2018-10-30 16:18,Union,42
2018-10-30 16:18,Union,42
2018-10-30 16:19,Union,42
2018-10-30 16:19,Union,42
2018-10-30 16:19,Union,42
2018-10-30 16:19,Union,42
2018-10-30 16:19,Union,42
2018-10-30 16:19,Union,42
2018-10-30 16:19,Union,42
2018-10-30 16:20,Floral and St. Charles,889
2018-10-30 16:20,Union,42
2018-10-30 16:23,Physical Facilities,42
2018-10-30 16:23,Physical Facilities,42
2018-10-30 16:34,Union,891
2018-10-30 16:34,Union,891
2018-10-30 16:34,Union,891
2018-10-30 16:35,Union,891
2018-10-30 16:35,Union,891
2018-10-30 16:35,Union,891
2018-10-30 16:37,Union,891
2018-10-30 16:37,Union,891
2018-10-30 16:37,Union,891
2018-10-30 16:40,Union,891
2018-10-30 16:42,Union,891
2018-10-30 16:42,UDC,42
2018-10-30 16:42,UDC,42
2018-10-30 16:42,UDC,42
2018-10-30 16:42,UDC,42
2018-10-30 16:42,UDC,42
2018-10-30 16:42,Union,891
2018-10-30 16:43,Union,891
2018-10-30 16:44,Union,891
2018-10-30 16:44,Union,891
2018-10-30 16:45,Hawley IB,42
2018-10-30 16:45,Union,891
2018-10-30 16:46,Union,891
2018-10-30 16:46,Union,891
2018-10-30 16:46,Union,891
2018-10-30 16:48,Union,891
2018-10-30 16:49,Union,891
2018-10-30 16:49,Hawley IB,42
2018-10-30 16:50,Hawley IB,42
2018-10-30 16:50,Union,891
2018-10-30 16:52,Physical Facilities,891
2018-10-30 16:54,Hawley IB,42
2018-10-30 17:06,UDC,891
2018-10-30 17:07,UDC,891
2018-10-30 17:07,UDC,891
2018-10-30 17:08,Union,526
2018-10-30 17:08,Union,526
2018-10-30 17:08,Union,526
2018-10-30 17:08,Union,526
2018-10-30 17:08,Union,526
2018-10-30 17:08,Union,526
2018-10-30 17:08,Union,526
2018-10-30 17:08,Union,526
2018-10-30 17:08,Union,526
2018-10-30 17:08,Union,526
2018-10-30 17:09,Union,526
2018-10-30 17:09,Union,526
2018-10-30 17:10,Union,526
2018-10-30 17:10,Union,526
2018-10-30 17:10,Union,526
2018-10-30 17:10,Union,526
2018-10-30 17:10,Union,526
2018-10-30 17:10,Union,526
2018-10-30 17:11,Union,526
2018-10-30 17:11,Union,526
2018-10-30 17:11,Union,526
2018-10-30 17:11,Union,526
2018-10-30 17:12,Union,526
2018-10-30 17:12,Hawley IB,891
2018-10-30 17:12,Hawley IB,891
2018-10-30 17:12,Hawley IB,891
2018-10-30 17:12,Hawley IB,891
2018-10-30 17:12,Hawley IB,891
2018-10-30 17:12,Union,526
2018-10-30 17:13,Union,526
2018-10-30 17:13,Union,526
2018-10-30 17:13,Main and Front IB,891
2018-10-30 17:13,Main and Front IB,891
2018-10-30 17:13,Union,526
2018-10-30 17:14,Union,526
2018-10-30 17:14,Union,526
2018-10-30 17:14,Union,526
2018-10-30 17:14,Union,526
2018-10-30 17:15,Main and Murray IB,891
2018-10-30 17:15,Main and Murray IB,891
2018-10-30 17:15,Main and Murray IB,891
2018-10-30 17:15,Main and Murray IB,891
2018-10-30 17:15,Main and Murray IB,891
2018-10-30 17:15,Main and Murray IB,891
2018-10-30 17:15,Main and Murray IB,891
2018-10-30 17:15,Union,526
2018-10-30 17:16,Union,526
2018-10-30 17:16,Main and Mather,891
2018-10-30 17:16,Main and Mather,891
2018-10-30 17:16,Main and Mather,891
2018-10-30 17:16,Union,526
2018-10-30 17:16,Union,526
2018-10-30 17:17,Union,526
2018-10-30 17:17,Main and Cedar IB,891
2018-10-30 17:17,Main and Cedar IB,891
2018-10-30 17:17,Main and Cedar IB,891
2018-10-30 17:17,Union,526
2018-10-30 17:17,Union,526
2018-10-30 17:17,Main and Clarke IB,891
2018-10-30 17:17,Union,526
2018-10-30 17:17,Main and Clarke IB,891
2018-10-30 17:17,Main and Clarke IB,891
2018-10-30 17:17,Union,526
2018-10-30 17:18,Union,526
2018-10-30 17:18,Union,526
2018-10-30 17:18,Main and Schiller IB,891
2018-10-30 17:18,Main and Schiller IB,891
2018-10-30 17:18,Main and Schiller IB,891
2018-10-30 17:18,Main and Schiller IB,891
2018-10-30 17:18,Main and Schiller IB,891
2018-10-30 17:18,Main and Schiller IB,891
2018-10-30 17:19,Union,526
2018-10-30 17:19,Union,526
2018-10-30 17:20,Union,526
2018-10-30 17:22,Floral and Cleveland IB,891
2018-10-30 17:23,Floral and Willow IB,891
2018-10-30 17:40,UDC,526
2018-10-30 17:40,UDC,526
2018-10-30 17:40,UDC,526
2018-10-30 17:40,UDC,526
2018-10-30 17:43,Main and Front IB,526
2018-10-30 17:43,Main and Front IB,526
2018-10-30 17:45,Main and Murray IB,526
2018-10-30 17:45,Main and Murray IB,526
2018-10-30 17:45,Main and Murray IB,526
2018-10-30 17:45,Main and Murray IB,526
2018-10-30 17:46,Main and Mather,526
2018-10-30 17:46,Main and Mather,526
2018-10-30 17:46,Main and Mather,526
2018-10-30 17:46,Main and Mather,526
2018-10-30 17:46,Main and Mather,526
2018-10-30 17:46,Main and Mather,526
2018-10-30 17:47,Main and Cedar IB,526
2018-10-30 17:47,Main and Cedar IB,526
2018-10-30 17:47,Main and Cedar IB,526
2018-10-30 17:48,Main and Clarke IB,526
2018-10-30 17:48,Main and Clarke IB,526
2018-10-30 17:48,Main and Clarke IB,526
2018-10-30 17:48,Main and Clarke IB,526
2018-10-30 17:48,Main and Clarke IB,526
2018-10-30 17:49,Union,21
2018-10-30 17:49,Main and Schiller IB,526
2018-10-30 17:49,Union,21
2018-10-30 17:49,Union,21
2018-10-30 17:49,Union,21
2018-10-30 17:49,Union,21
2018-10-30 17:49,Union,21
2018-10-30 17:50,Union,21
2018-10-30 17:50,Union,21
2018-10-30 17:50,Union,21
2018-10-30 17:50,Union,21
2018-10-30 17:50,Union,21
2018-10-30 17:50,Union,21
2018-10-30 17:50,Union,21
2018-10-30 17:50,Union,21
2018-10-30 17:51,Union,21
2018-10-30 17:51,Union,21
2018-10-30 17:51,Union,21
2018-10-30 17:51,Union,21
2018-10-30 17:51,Main and Helen IB,526
2018-10-30 17:51,Union,21
2018-10-30 17:52,Floral and Main IB,526
2018-10-30 17:53,Floral and Cleveland IB,526
2018-10-30 17:53,Floral and Cleveland IB,526
2018-10-30 17:55,Physical Facilities,21
2018-10-30 17:55,Physical Facilities,21
2018-10-30 18:03,Union,526
2018-10-30 18:03,Union,526
2018-10-30 18:03,Union,526
2018-10-30 18:04,Union,526
2018-10-30 18:08,Leroy St and Murray OB,21
2018-10-30 18:12,UDC,21
2018-10-30 18:12,UDC,21
2018-10-30 18:12,UDC,21
2018-10-30 18:16,Main and Murray IB,21
2018-10-30 18:16,Main and Murray IB,21
2018-10-30 18:16,Main and Murray IB,21
2018-10-30 18:17,Main and Murray IB,21
2018-10-30 18:17,Main and Murray IB,21
2018-10-30 18:17,Main and Murray IB,21
2018-10-30 18:18,Main and Mather,21
2018-10-30 18:18,Main and Mather,21
2018-10-30 18:19,Main and Cedar IB,21
2018-10-30 18:19,Main and Cedar IB,21
2018-10-30 18:19,Main and Cedar IB,21
2018-10-30 18:19,Main and Cedar IB,21
2018-10-30 18:19,Main and Cedar IB,21
2018-10-30 18:19,Main and Cedar IB,21
2018-10-30 18:20,Union,43
2018-10-30 18:20,Union,43
2018-10-30 18:20,Union,43
2018-10-30 18:20,Union,43
2018-10-30 18:20,Union,43
2018-10-30 18:20,Union,43
2018-10-30 18:20,Union,43
2018-10-30 18:20,Union,43
2018-10-30 18:20,Union,43
2018-10-30 18:20,Union,43
2018-10-30 18:20,Union,43
2018-10-30 18:20,Union,43
2018-10-30 18:20,Union,43
2018-10-30 18:20,Union,43
2018-10-30 18:20,Union,43
2018-10-30 18:20,Union,43
2018-10-30 18:21,Union,43
2018-10-30 18:21,Union,43
2018-10-30 18:21,Union,43
2018-10-30 18:21,Union,43
2018-10-30 18:22,Union,43
2018-10-30 18:22,Union,43
2018-10-30 18:23,Main and Helen IB,21
2018-10-30 18:26,Floral and Cleveland IB,21
2018-10-30 18:27,Floral and Burbank IB,21
2018-10-30 18:39,UDC,43
2018-10-30 18:44,Main and Front IB,43
2018-10-30 18:45,Main and Murray IB,43
2018-10-30 18:45,Main and Murray IB,43
2018-10-30 18:46,Main and Mather,43
2018-10-30 18:47,Main and Cedar IB,43
2018-10-30 18:47,Main and Cedar IB,43
2018-10-30 18:48,Main and Schiller IB,43
2018-10-30 18:48,Main and Schiller IB,43
2018-10-30 18:52,Physical Facilities,890
2018-10-30 19:00,Leroy St and Laurel OB,890
2018-10-30 19:02,Leroy St and Murray OB,890
2018-10-30 19:09,UDC,890
2018-10-30 19:12,Hawley IB,890
2018-10-30 19:13,Main and Front IB,890
2018-10-30 19:13,Main and Murray IB,890
2018-10-30 19:13,Main and Murray IB,890
2018-10-30 19:14,Main and Murray IB,890
2018-10-30 19:14,Main and Murray IB,890
2018-10-30 19:14,Main and Mather,890
2018-10-30 19:14,Main and Mather,890
2018-10-30 19:15,Union,889
2018-10-30 19:15,Union,889
2018-10-30 19:15,Union,889
2018-10-30 19:15,Union,889
2018-10-30 19:15,Union,889
2018-10-30 19:15,Union,889
2018-10-30 19:15,Union,889
2018-10-30 19:15,Union,889
2018-10-30 19:15,Union,889
2018-10-30 19:15,Union,889
2018-10-30 19:15,Union,889
2018-10-30 19:15,Union,889
2018-10-30 19:15,Union,889
2018-10-30 19:16,Union,889
2018-10-30 19:16,Union,889
2018-10-30 19:16,Union,889
2018-10-30 19:16,Union,889
2018-10-30 19:16,Union,889
2018-10-30 19:16,Union,889
2018-10-30 19:16,Union,889
2018-10-30 19:16,Union,889
2018-10-30 19:16,Union,889
2018-10-30 19:16,Union,889
2018-10-30 19:16,Union,889
2018-10-30 19:16,Union,889
2018-10-30 19:16,Union,889
2018-10-30 19:16,Union,889
2018-10-30 19:16,Main and Clarke IB,890
2018-10-30 19:16,Main and Clarke IB,890
2018-10-30 19:16,Main and Clarke IB,890
2018-10-30 19:17,Union,889
2018-10-30 19:17,Union,889
2018-10-30 19:20,Physical Facilities,889
2018-10-30 19:20,Physical Facilities,889
2018-10-30 19:20,Floral and Cleveland IB,890
2018-10-30 19:32,Union,37
2018-10-30 19:32,Union,37
2018-10-30 19:32,Union,37
2018-10-30 19:32,Union,37
2018-10-30 19:32,Union,37
2018-10-30 19:32,Union,37
2018-10-30 19:33,Union,37
2018-10-30 19:33,Union,37
2018-10-30 19:33,Union,37
2018-10-30 19:33,Union,37
2018-10-30 19:33,Union,37
2018-10-30 19:33,Union,37
2018-10-30 19:34,Union,37
2018-10-30 19:35,UDC,889
2018-10-30 19:36,Union,37
2018-10-30 19:36,Union,37
2018-10-30 19:36,Union,37
2018-10-30 19:36,UDC,889
2018-10-30 19:36,Union,37
2018-10-30 19:36,Union,37
2018-10-30 19:37,Union,37
2018-10-30 19:37,Union,37
2018-10-30 19:37,Union,37
2018-10-30 19:40,Union,37
2018-10-30 19:40,Main and Murray IB,889
2018-10-30 19:40,Main and Murray IB,889
2018-10-30 19:40,Main and Murray IB,889
2018-10-30 19:40,Union,37
2018-10-30 19:40,Union,37
2018-10-30 19:41,Union,37
2018-10-30 19:41,Main and Mather,889
2018-10-30 19:41,Union,37
2018-10-30 19:41,Union,37
2018-10-30 19:41,Union,37
2018-10-30 19:42,Union,37
2018-10-30 19:42,Union,37
2018-10-30 19:42,Union,37
2018-10-30 19:42,Main and Clarke IB,889
2018-10-30 19:42,Main and Clarke IB,889
2018-10-30 19:42,Union,37
2018-10-30 19:42,Union,37
2018-10-30 19:42,Union,37
2018-10-30 19:42,Union,37
2018-10-30 19:42,Union,37
2018-10-30 19:42,Union,37
2018-10-30 19:43,Union,37
2018-10-30 19:43,Union,37
2018-10-30 19:43,Union,37
2018-10-30 19:44,Union,37
2018-10-30 19:44,Union,37
2018-10-30 19:46,Floral and Cleveland IB,889
2018-10-30 19:46,Floral and Cleveland IB,889
2018-10-30 19:55,Union,889
2018-10-30 19:56,Union,889
2018-10-30 19:56,Leroy St and Chestnut OB,37
2018-10-30 19:58,Leroy St and Murray OB,37
2018-10-30 19:58,Leroy St and Murray OB,37
