10/23/2018 7:17,Main and Front OB,891
10/23/2018 7:17,Main and Murray IB,891
10/23/2018 7:17,Main and Murray IB,891
10/23/2018 7:18,Main and Murray IB,891
10/23/2018 7:18,Main and Murray IB,891
10/23/2018 7:18,Main and Murray IB,891
10/23/2018 7:18,Main and Murray IB,891
10/23/2018 7:19,Main and Mather,891
10/23/2018 7:19,Main and Mather,891
10/23/2018 7:19,Main and Mather,891
10/23/2018 7:19,Main and Mather,891
10/23/2018 7:19,Main and Cedar IB,891
10/23/2018 7:20,Physical Facilities,55
10/23/2018 7:21,Main and Schiller IB,891
10/23/2018 7:21,Main and Schiller IB,891
10/23/2018 7:25,Floral and Roberts OB,891
10/23/2018 7:28,UDC IB,21
10/23/2018 7:28,UDC IB,21
10/23/2018 7:28,UDC IB,21
10/23/2018 7:30,Leroy St and Chestnut OB,55
10/23/2018 7:35,Main and Clarke IB,21
10/23/2018 7:38,Hawley IB,55
10/23/2018 7:39,Floral and Burbank IB,21
10/23/2018 7:40,Floral and Roberts OB,21
10/23/2018 7:40,Main and Schiller IB,55
10/23/2018 7:43,Floral and Main IB,55
10/23/2018 7:47,Hawley IB,42
10/23/2018 7:47,Hawley IB,42
10/23/2018 7:47,Hawley IB,42
10/23/2018 7:47,Hawley IB,42
10/23/2018 7:47,Hawley IB,42
10/23/2018 7:49,Main and Murray IB,42
10/23/2018 7:49,Main and Murray IB,42
10/23/2018 7:49,Main and Murray IB,42
10/23/2018 7:49,Main and Murray IB,42
10/23/2018 7:49,Main and Mather,42
10/23/2018 7:49,Main and Mather,42
10/23/2018 7:52,Main and Clarke OB,42
10/23/2018 7:52,Main and Clarke OB,42
10/23/2018 7:52,Main and Clarke OB,42
10/23/2018 7:52,Main and Schiller IB,42
10/23/2018 7:52,Main and Schiller IB,42
10/23/2018 7:53,Main and Schiller IB,42
10/23/2018 7:53,Main and Schiller IB,42
10/23/2018 7:53,Main and Schiller IB,42
10/23/2018 7:53,Main and Schiller IB,42
10/23/2018 7:53,Main and Schiller IB,42
10/23/2018 7:53,Main and Schiller IB,42
10/23/2018 7:55,Main and Crary,42
10/23/2018 7:55,Main and Crary,42
10/23/2018 7:56,Floral and Main IB,42
10/23/2018 7:56,Floral and Main IB,42
10/23/2018 7:57,Floral and Cleveland IB,42
10/23/2018 7:57,Floral and Cleveland IB,42
10/23/2018 7:57,Floral and Cleveland IB,42
10/23/2018 7:58,Floral and Willow IB,42
10/23/2018 7:58,Floral and Willow IB,42
10/23/2018 7:59,Floral and Roberts OB,42
10/23/2018 8:02,UDC IB,889
10/23/2018 8:02,UDC IB,889
10/23/2018 8:02,UDC IB,889
10/23/2018 8:02,UDC IB,889
10/23/2018 8:02,UDC IB,889
10/23/2018 8:02,UDC IB,889
10/23/2018 8:03,UDC IB,889
10/23/2018 8:04,UDC IB,889
10/23/2018 8:04,UDC IB,889
10/23/2018 8:05,UDC IB,889
10/23/2018 8:08,Hawley IB,889
10/23/2018 8:08,Hawley IB,889
10/23/2018 8:08,Hawley IB,889
10/23/2018 8:08,Hawley IB,889
10/23/2018 8:09,Main and Front OB,889
10/23/2018 8:09,Main and Front OB,889
10/23/2018 8:09,Main and Front OB,889
10/23/2018 8:10,Main and Murray IB,889
10/23/2018 8:10,Main and Murray IB,889
10/23/2018 8:10,Main and Murray IB,889
10/23/2018 8:10,Main and Murray IB,889
10/23/2018 8:10,Main and Murray IB,889
10/23/2018 8:10,Main and Murray IB,889
10/23/2018 8:11,Main and Mather,889
10/23/2018 8:11,Main and Mather,889
10/23/2018 8:11,Main and Mather,889
10/23/2018 8:11,Main and Mather,889
10/23/2018 8:11,Main and Mather,889
10/23/2018 8:12,Main and Mather,889
10/23/2018 8:12,Main and Mather,889
10/23/2018 8:12,Main and Mather,889
10/23/2018 8:12,Main and Cedar IB,21
10/23/2018 8:12,Main and Cedar IB,21
10/23/2018 8:12,Main and Cedar IB,21
10/23/2018 8:12,UDC IB,526
10/23/2018 8:12,UDC IB,526
10/23/2018 8:13,UDC IB,526
10/23/2018 8:13,UDC IB,526
10/23/2018 8:13,UDC IB,526
10/23/2018 8:13,Main and Clarke IB,21
10/23/2018 8:13,Main and Clarke IB,21
10/23/2018 8:13,Main and Clarke IB,21
10/23/2018 8:13,Main and Clarke IB,21
10/23/2018 8:13,UDC IB,526
10/23/2018 8:13,UDC IB,526
10/23/2018 8:13,UDC IB,526
10/23/2018 8:14,UDC IB,526
10/23/2018 8:14,Main and Schiller IB,21
10/23/2018 8:14,Main and Schiller IB,21
10/23/2018 8:14,Main and Schiller IB,21
10/23/2018 8:14,Main and Schiller IB,21
10/23/2018 8:15,Main and Schiller IB,21
10/23/2018 8:15,Main and Schiller IB,21
10/23/2018 8:15,Main and Schiller IB,21
10/23/2018 8:15,Main and Schiller IB,21
10/23/2018 8:15,Main and Schiller IB,21
10/23/2018 8:15,Main and Schiller IB,21
10/23/2018 8:15,Main and Schiller IB,21
10/23/2018 8:15,Main and Schiller IB,21
10/23/2018 8:15,Main and Schiller IB,21
10/23/2018 8:15,Main and Schiller IB,21
10/23/2018 8:15,Main and Schiller IB,21
10/23/2018 8:18,Union,787
10/23/2018 8:18,Union,787
10/23/2018 8:18,Floral and Cleveland IB,21
10/23/2018 8:18,Floral and Harrison IB,889
10/23/2018 8:18,Floral and Harrison IB,889
10/23/2018 8:19,Hawley IB,526
10/23/2018 8:19,Hawley IB,526
10/23/2018 8:19,Hawley IB,526
10/23/2018 8:19,Floral and Cook,889
10/23/2018 8:20,Floral and St. Charles,21
10/23/2018 8:21,Main and Murray IB,526
10/23/2018 8:21,Main and Murray IB,526
10/23/2018 8:21,Main and Murray IB,526
10/23/2018 8:21,Main and Murray IB,526
10/23/2018 8:21,Main and Murray IB,526
10/23/2018 8:21,Main and Murray IB,526
10/23/2018 8:21,Main and Murray IB,526
10/23/2018 8:22,Main and Mather,526
10/23/2018 8:22,Main and Mather,526
10/23/2018 8:22,Main and Mather,526
10/23/2018 8:22,Main and Mather,526
10/23/2018 8:22,Main and Mather,526
10/23/2018 8:23,Main and Cedar IB,526
10/23/2018 8:23,Main and Cedar IB,526
10/23/2018 8:23,Main and Cedar IB,526
10/23/2018 8:24,Main and Clarke OB,526
10/23/2018 8:25,Main and Schiller IB,526
10/23/2018 8:25,Main and Schiller IB,526
10/23/2018 8:25,Main and Schiller IB,526
10/23/2018 8:25,Main and Schiller IB,526
10/23/2018 8:25,Main and Schiller IB,526
10/23/2018 8:25,Main and Schiller IB,526
10/23/2018 8:25,Main and Schiller IB,526
10/23/2018 8:27,Main and Helen IB,526
10/23/2018 8:29,Floral and Cleveland IB,526
10/23/2018 8:29,Floral and Cleveland IB,526
10/23/2018 8:30,Union,21
10/23/2018 8:38,UDC IB,787
10/23/2018 8:40,Hawley IB,787
10/23/2018 8:42,Main and Murray IB,787
10/23/2018 8:44,Main and Cedar IB,787
10/23/2018 8:45,Main and Clarke IB,787
10/23/2018 8:46,Main and Schiller IB,787
10/23/2018 8:46,Main and Schiller IB,787
10/23/2018 8:47,Main and Helen IB,787
10/23/2018 8:47,Main and Helen IB,787
10/23/2018 8:48,Main and Front OB,55
10/23/2018 8:48,Main and Front OB,55
10/23/2018 8:48,Main and Front OB,55
10/23/2018 8:49,Main and Murray IB,55
10/23/2018 8:49,Main and Crary,787
10/23/2018 8:49,Main and Murray IB,55
10/23/2018 8:50,Main and Mather,55
10/23/2018 8:50,Main and Mather,55
10/23/2018 8:50,Main and Mather,55
10/23/2018 8:51,Main and Cedar IB,55
10/23/2018 8:51,Main and Cedar IB,55
10/23/2018 8:53,Main and Schiller IB,55
10/23/2018 8:53,Main and Schiller IB,55
10/23/2018 8:56,Floral and Cleveland IB,55
10/23/2018 8:56,Floral and Cleveland IB,55
10/23/2018 8:56,Floral and Cleveland IB,55
10/23/2018 8:57,Floral and Burbank IB,55
10/23/2018 8:57,Floral and Burbank IB,55
10/23/2018 9:04,Main and Front OB,42
10/23/2018 9:05,Main and Murray IB,42
10/23/2018 9:05,Main and Murray IB,42
10/23/2018 9:05,Main and Murray IB,42
10/23/2018 9:05,Main and Murray IB,42
10/23/2018 9:06,Main and Mather,42
10/23/2018 9:06,Main and Mather,42
10/23/2018 9:08,Main and Cedar IB,42
10/23/2018 9:09,Main and Clarke IB,42
10/23/2018 9:09,Main and Clarke IB,42
10/23/2018 9:09,Main and Schiller IB,42
10/23/2018 9:09,Main and Schiller IB,42
10/23/2018 9:11,Main and Helen IB,42
10/23/2018 9:11,Hawley IB,889
10/23/2018 9:11,Main and Helen IB,42
10/23/2018 9:13,Main and Murray IB,889
10/23/2018 9:13,Main and Murray IB,889
10/23/2018 9:13,Main and Murray IB,889
10/23/2018 9:13,Main and Murray IB,889
10/23/2018 9:14,Main and Mather,889
10/23/2018 9:14,Main and Mather,889
10/23/2018 9:14,Main and Mather,889
10/23/2018 9:14,Main and Mather,889
10/23/2018 9:16,Main and Schiller IB,889
10/23/2018 9:16,Main and Schiller IB,889
10/23/2018 9:16,Main and Schiller IB,889
10/23/2018 9:16,Main and Schiller IB,889
10/23/2018 9:16,Main and Schiller IB,889
10/23/2018 9:16,Main and Schiller IB,889
10/23/2018 9:17,Hawley IB,787
10/23/2018 9:17,Hawley IB,787
10/23/2018 9:17,Hawley IB,787
10/23/2018 9:17,Hawley IB,787
10/23/2018 9:17,Hawley IB,787
10/23/2018 9:18,Floral and Cleveland IB,889
10/23/2018 9:19,Main and Front OB,787
10/23/2018 9:19,Main and Front OB,787
10/23/2018 9:19,Floral and Cleveland IB,889
10/23/2018 9:20,Main and Murray IB,787
10/23/2018 9:20,Main and Murray IB,787
10/23/2018 9:20,Floral and Roberts IB,889
10/23/2018 9:20,Main and Murray IB,787
10/23/2018 9:20,Main and Murray IB,787
10/23/2018 9:20,Main and Murray IB,787
10/23/2018 9:20,Main and Murray IB,787
10/23/2018 9:20,Main and Murray IB,787
10/23/2018 9:21,Main and Mather,787
10/23/2018 9:21,Main and Mather,787
10/23/2018 9:23,Main and Cedar IB,787
10/23/2018 9:23,Main and Cedar IB,787
10/23/2018 9:23,Main and Cedar IB,787
10/23/2018 9:23,Main and Cedar IB,787
10/23/2018 9:24,Main and Clarke IB,787
10/23/2018 9:24,Main and Clarke IB,787
10/23/2018 9:24,Main and Clarke IB,787
10/23/2018 9:24,Main and Clarke IB,787
10/23/2018 9:24,Main and Clarke IB,787
10/23/2018 9:24,Main and Clarke IB,787
10/23/2018 9:25,Main and Schiller IB,787
10/23/2018 9:25,Main and Schiller IB,787
10/23/2018 9:25,Main and Schiller IB,787
10/23/2018 9:25,Main and Schiller IB,787
10/23/2018 9:25,Main and Schiller IB,787
10/23/2018 9:27,Main and Helen IB,787
10/23/2018 9:27,Main and Helen IB,787
10/23/2018 9:28,Riverside and Front,526
10/23/2018 9:29,Floral and Main IB,787
10/23/2018 9:30,UDC IB,526
10/23/2018 9:30,Floral and Cleveland IB,787
10/23/2018 9:30,Floral and Cleveland IB,787
10/23/2018 9:30,Floral and Cleveland IB,787
10/23/2018 9:30,UDC IB,526
10/23/2018 9:30,UDC IB,526
10/23/2018 9:31,UDC IB,526
10/23/2018 9:31,Floral and Willow IB,787
10/23/2018 9:37,Hawley IB,526
10/23/2018 9:37,Hawley IB,526
10/23/2018 9:37,Hawley IB,526
10/23/2018 9:37,Hawley IB,526
10/23/2018 9:38,Hawley IB,526
10/23/2018 9:38,Hawley IB,526
10/23/2018 9:38,Hawley IB,526
10/23/2018 9:38,Hawley IB,526
10/23/2018 9:38,Hawley IB,526
10/23/2018 9:38,Main and Front IB,526
10/23/2018 9:39,Main and Front OB,526
10/23/2018 9:39,Main and Front OB,526
10/23/2018 9:39,Main and Front OB,526
10/23/2018 9:39,Main and Front OB,526
10/23/2018 9:39,Main and Front OB,526
10/23/2018 9:40,Main and Murray IB,526
10/23/2018 9:40,Main and Murray IB,526
10/23/2018 9:40,Main and Murray IB,526
10/23/2018 9:40,Main and Murray IB,526
10/23/2018 9:40,Main and Murray IB,526
10/23/2018 9:40,Main and Murray IB,526
10/23/2018 9:40,Main and Murray IB,526
10/23/2018 9:40,Main and Murray IB,526
10/23/2018 9:40,Main and Murray IB,526
10/23/2018 9:40,Main and Murray IB,526
10/23/2018 9:40,Main and Murray IB,526
10/23/2018 9:40,Main and Murray IB,526
10/23/2018 9:40,Main and Murray IB,526
10/23/2018 9:41,Main and Murray IB,526
10/23/2018 9:41,Main and Murray IB,526
10/23/2018 9:41,Main and Murray IB,526
10/23/2018 9:41,Main and Murray IB,526
10/23/2018 9:41,Main and Murray IB,526
10/23/2018 9:41,Main and Murray IB,526
10/23/2018 9:41,Main and Murray IB,526
10/23/2018 9:41,Main and Murray IB,526
10/23/2018 9:41,Main and Murray IB,526
10/23/2018 9:41,Main and Murray IB,526
10/23/2018 9:41,Main and Murray IB,526
10/23/2018 9:41,Main and Murray IB,526
10/23/2018 9:42,Main and Mather,526
10/23/2018 9:42,Main and Mather,526
10/23/2018 9:42,Main and Mather,526
10/23/2018 9:42,Main and Mather,526
10/23/2018 9:42,Main and Mather,526
10/23/2018 9:42,Main and Mather,526
10/23/2018 9:42,Main and Mather,526
10/23/2018 9:42,Main and Mather,526
10/23/2018 9:42,Main and Mather,526
10/23/2018 9:42,Main and Mather,526
10/23/2018 9:46,Union,55
10/23/2018 9:46,Union,55
10/23/2018 9:47,Main and Front OB,889
10/23/2018 9:48,Main and Murray IB,889
10/23/2018 9:48,Main and Murray IB,889
10/23/2018 9:48,Main and Murray IB,889
10/23/2018 9:48,Main and Murray IB,889
10/23/2018 9:48,Main and Murray IB,889
10/23/2018 9:48,Main and Murray IB,889
10/23/2018 9:49,Main and Mather,889
10/23/2018 9:50,Main and Mather,889
10/23/2018 9:51,Main and Cedar IB,889
10/23/2018 9:51,Main and Cedar IB,889
10/23/2018 9:51,Main and Cedar IB,889
10/23/2018 9:51,Main and Cedar IB,889
10/23/2018 9:52,Main and Clarke IB,889
10/23/2018 9:52,Main and Clarke IB,889
10/23/2018 9:52,Main and Clarke IB,889
10/23/2018 9:52,Main and Clarke IB,889
10/23/2018 9:52,Main and Clarke IB,889
10/23/2018 9:52,Main and Clarke IB,889
10/23/2018 9:53,Main and Schiller IB,889
10/23/2018 9:53,Main and Schiller IB,889
10/23/2018 9:53,Main and Schiller IB,889
10/23/2018 9:53,Main and Schiller IB,889
10/23/2018 9:53,Main and Schiller IB,889
10/23/2018 9:53,Main and Schiller IB,889
10/23/2018 9:53,Main and Schiller IB,889
10/23/2018 9:53,Main and Schiller IB,889
10/23/2018 9:53,Main and Schiller IB,889
10/23/2018 9:53,Main and Schiller IB,889
10/23/2018 9:53,Main and Schiller IB,889
10/23/2018 9:54,Main and Schiller IB,889
10/23/2018 9:54,Main and Schiller IB,889
10/23/2018 9:54,Main and Schiller IB,889
10/23/2018 9:54,Main and Schiller IB,889
10/23/2018 9:56,Main and Crary,889
10/23/2018 9:56,Main and Crary,889
10/23/2018 9:57,Floral and Cleveland IB,889
10/23/2018 9:57,Floral and Cleveland IB,889
10/23/2018 9:57,Floral and Cleveland IB,889
10/23/2018 9:59,Floral and Roberts IB,889
10/23/2018 9:59,Floral and Harrison IB,889
10/23/2018 10:11,Hawley IB,55
10/23/2018 10:12,Main and Front OB,55
10/23/2018 10:12,Main and Front OB,55
10/23/2018 10:13,Main and Murray IB,55
10/23/2018 10:13,Main and Murray IB,55
10/23/2018 10:13,Main and Murray IB,55
10/23/2018 10:13,Main and Murray IB,55
10/23/2018 10:13,Main and Murray IB,55
10/23/2018 10:14,Main and Mather,55
10/23/2018 10:14,Main and Mather,55
10/23/2018 10:14,Main and Mather,55
10/23/2018 10:14,Main and Mather,55
10/23/2018 10:14,Main and Mather,55
10/23/2018 10:14,Main and Mather,55
10/23/2018 10:14,Union,787
10/23/2018 10:14,Union,787
10/23/2018 10:14,Union,787
10/23/2018 10:14,Union,787
10/23/2018 10:14,Union,787
10/23/2018 10:15,Union,787
10/23/2018 10:15,Union,787
10/23/2018 10:15,Main and Cedar IB,55
10/23/2018 10:15,Union,787
10/23/2018 10:15,Main and Clarke IB,55
10/23/2018 10:16,Main and Schiller IB,55
10/23/2018 10:16,Main and Schiller IB,55
10/23/2018 10:17,Main and Schiller IB,55
10/23/2018 10:17,Main and Schiller IB,55
10/23/2018 10:17,Main and Schiller IB,55
10/23/2018 10:17,Main and Schiller IB,55
10/23/2018 10:20,Floral and Cleveland IB,55
10/23/2018 10:20,Floral and Cleveland IB,55
10/23/2018 10:20,Floral and Cleveland IB,55
10/23/2018 10:34,UDC IB,787
10/23/2018 10:36,UDC IB,787
10/23/2018 10:38,Hawley IB,787
10/23/2018 10:40,Main and Murray IB,787
10/23/2018 10:40,Main and Murray IB,787
10/23/2018 10:40,Main and Murray IB,787
10/23/2018 10:41,Main and Mather,787
10/23/2018 10:41,Main and Mather,787
10/23/2018 10:41,Main and Mather,787
10/23/2018 10:41,Main and Mather,787
10/23/2018 10:41,Main and Mather,787
10/23/2018 10:42,Union,526
10/23/2018 10:43,Main and Cedar IB,787
10/23/2018 10:43,Main and Cedar IB,787
10/23/2018 10:44,Main and Clarke IB,787
10/23/2018 10:44,Main and Clarke IB,787
10/23/2018 10:44,Main and Clarke IB,787
10/23/2018 10:44,Leroy St and Chestnut OB,891
10/23/2018 10:45,Main and Schiller IB,787
10/23/2018 10:45,Main and Schiller IB,787
10/23/2018 10:45,Main and Schiller IB,787
10/23/2018 10:45,Main and Schiller IB,787
10/23/2018 10:46,Leroy St and Murray OB,891
10/23/2018 10:46,Main and Helen IB,787
10/23/2018 10:49,Floral and St. Charles,787
10/23/2018 10:50,Floral and Cook,787
10/23/2018 10:58,Main and Cedar IB,891
10/23/2018 10:58,Main and Cedar IB,891
10/23/2018 10:58,Main and Cedar IB,891
10/23/2018 10:58,Union,21
10/23/2018 10:59,Main and Clarke IB,891
10/23/2018 10:59,Main and Clarke IB,891
10/23/2018 10:59,Main and Clarke IB,891
10/23/2018 10:59,Main and Clarke IB,891
10/23/2018 10:59,Main and Clarke IB,891
10/23/2018 10:59,Union,21
10/23/2018 10:59,Union,21
10/23/2018 10:59,Union,787
10/23/2018 10:59,Union,787
10/23/2018 11:00,Main and Schiller IB,891
10/23/2018 11:00,Main and Schiller IB,891
10/23/2018 11:00,Main and Schiller IB,891
10/23/2018 11:00,Main and Schiller IB,891
10/23/2018 11:01,Union,787
10/23/2018 11:02,Main and Helen IB,891
10/23/2018 11:02,UDC IB,526
10/23/2018 11:03,UDC IB,526
10/23/2018 11:03,UDC IB,526
10/23/2018 11:04,UDC IB,526
10/23/2018 11:04,Floral and Main IB,891
10/23/2018 11:05,Floral and Cleveland IB,891
10/23/2018 11:05,Floral and Cleveland IB,891
10/23/2018 11:05,Floral and Cleveland IB,891
10/23/2018 11:06,Floral and Roberts OB,891
10/23/2018 11:07,Floral and Harrison IB,891
10/23/2018 11:07,Hawley IB,526
10/23/2018 11:07,Hawley IB,526
10/23/2018 11:07,Hawley IB,526
10/23/2018 11:07,Hawley IB,526
10/23/2018 11:07,Hawley IB,526
10/23/2018 11:09,Main and Murray IB,526
10/23/2018 11:09,Main and Murray IB,526
10/23/2018 11:09,Main and Murray IB,526
10/23/2018 11:09,Main and Murray IB,526
10/23/2018 11:09,Main and Murray IB,526
10/23/2018 11:09,Main and Murray IB,526
10/23/2018 11:09,Main and Murray IB,526
10/23/2018 11:09,Main and Murray IB,526
10/23/2018 11:09,Main and Murray IB,526
10/23/2018 11:10,Main and Mather,526
10/23/2018 11:10,Main and Mather,526
10/23/2018 11:10,Main and Mather,526
10/23/2018 11:11,Main and Mather,526
10/23/2018 11:11,Main and Cedar IB,526
10/23/2018 11:11,Main and Cedar IB,526
10/23/2018 11:12,Main and Clarke OB,526
10/23/2018 11:12,Main and Clarke OB,526
10/23/2018 11:12,Main and Clarke OB,526
10/23/2018 11:12,Main and Clarke OB,526
10/23/2018 11:12,Main and Clarke OB,526
10/23/2018 11:12,Main and Clarke OB,526
10/23/2018 11:12,Main and Clarke OB,526
10/23/2018 11:12,Union,42
10/23/2018 11:12,Main and Clarke OB,526
10/23/2018 11:12,Union,42
10/23/2018 11:12,Union,42
10/23/2018 11:13,Union,42
10/23/2018 11:13,Union,42
10/23/2018 11:13,Union,42
10/23/2018 11:13,Union,42
10/23/2018 11:13,Union,42
10/23/2018 11:13,Union,42
10/23/2018 11:13,Union,42
10/23/2018 11:13,Main and Schiller IB,526
10/23/2018 11:13,Main and Schiller IB,526
10/23/2018 11:14,Main and Schiller IB,526
10/23/2018 11:14,Main and Schiller IB,526
10/23/2018 11:14,Main and Schiller IB,526
10/23/2018 11:14,Main and Schiller IB,526
10/23/2018 11:14,Main and Schiller IB,526
10/23/2018 11:14,Main and Schiller IB,526
10/23/2018 11:14,Main and Schiller IB,526
10/23/2018 11:14,Main and Schiller IB,526
10/23/2018 11:14,Main and Schiller IB,526
10/23/2018 11:14,Main and Schiller IB,526
10/23/2018 11:14,Main and Schiller IB,526
10/23/2018 11:14,Main and Schiller IB,526
10/23/2018 11:16,Union,42
10/23/2018 11:16,Main and Crary,526
10/23/2018 11:16,Union,42
10/23/2018 11:17,Floral and Cleveland IB,526
10/23/2018 11:17,UDC IB,21
10/23/2018 11:17,Floral and Cleveland IB,526
10/23/2018 11:17,Floral and Cleveland IB,526
10/23/2018 11:17,Floral and Cleveland IB,526
10/23/2018 11:17,Floral and Cleveland IB,526
10/23/2018 11:17,Floral and Cleveland IB,526
10/23/2018 11:17,Floral and Cleveland IB,526
10/23/2018 11:18,Floral and Cleveland IB,526
10/23/2018 11:18,UDC IB,21
10/23/2018 11:22,Hawley IB,21
10/23/2018 11:22,Hawley IB,21
10/23/2018 11:22,Hawley IB,21
10/23/2018 11:22,Hawley IB,21
10/23/2018 11:23,Main and Murray IB,21
10/23/2018 11:23,Main and Murray IB,21
10/23/2018 11:23,Main and Murray IB,21
10/23/2018 11:23,Main and Murray IB,21
10/23/2018 11:24,Main and Murray IB,21
10/23/2018 11:24,Main and Murray IB,21
10/23/2018 11:24,Main and Murray IB,21
10/23/2018 11:24,Main and Murray IB,21
10/23/2018 11:24,Main and Murray IB,21
10/23/2018 11:25,Main and Mather,21
10/23/2018 11:25,Main and Mather,21
10/23/2018 11:25,Main and Mather,21
10/23/2018 11:26,Main and Cedar IB,21
10/23/2018 11:26,Main and Cedar IB,21
10/23/2018 11:26,Main and Cedar IB,21
10/23/2018 11:27,Main and Clarke IB,21
10/23/2018 11:27,Main and Clarke IB,21
10/23/2018 11:27,Main and Clarke IB,21
10/23/2018 11:27,Main and Clarke IB,21
10/23/2018 11:28,Main and Schiller IB,21
10/23/2018 11:28,Main and Schiller IB,21
10/23/2018 11:28,Main and Schiller IB,21
10/23/2018 11:28,Main and Schiller IB,21
10/23/2018 11:29,Union,787
10/23/2018 11:29,Union,787
10/23/2018 11:29,Union,787
10/23/2018 11:29,Union,787
10/23/2018 11:29,Union,787
10/23/2018 11:29,Union,787
10/23/2018 11:29,Union,787
10/23/2018 11:29,Union,787
10/23/2018 11:30,Union,787
10/23/2018 11:30,Union,787
10/23/2018 11:30,Union,787
10/23/2018 11:30,Union,787
10/23/2018 11:30,Union,787
10/23/2018 11:30,Union,787
10/23/2018 11:30,Union,787
10/23/2018 11:30,Union,787
10/23/2018 11:30,Union,787
10/23/2018 11:30,Union,787
10/23/2018 11:30,Union,787
10/23/2018 11:30,UDC IB,55
10/23/2018 11:32,Floral and Cleveland OB,21
10/23/2018 11:32,Floral and Cleveland OB,21
10/23/2018 11:32,Engineering Bldg,787
10/23/2018 11:35,UDC,42
10/23/2018 11:35,Main and Front OB,55
10/23/2018 11:36,Main and Murray IB,55
10/23/2018 11:36,Main and Murray IB,55
10/23/2018 11:36,Main and Murray IB,55
10/23/2018 11:36,Hinman,787
10/23/2018 11:37,Main and Mather,55
10/23/2018 11:37,Physical Facilities,787
10/23/2018 11:37,Physical Facilities,787
10/23/2018 11:38,Main and Cedar IB,55
10/23/2018 11:38,Main and Cedar IB,55
10/23/2018 11:39,Main and Murray IB,42
10/23/2018 11:39,Main and Schiller IB,55
10/23/2018 11:39,Main and Schiller IB,55
10/23/2018 11:39,Main and Schiller IB,55
10/23/2018 11:43,Union,526
10/23/2018 11:43,Union,526
10/23/2018 11:43,Union,526
10/23/2018 11:43,Union,526
10/23/2018 11:43,Union,526
10/23/2018 11:43,Union,526
10/23/2018 11:43,Union,526
10/23/2018 11:43,Union,526
10/23/2018 11:43,Union,526
10/23/2018 11:43,Union,526
10/23/2018 11:43,Union,526
10/23/2018 11:43,Union,526
10/23/2018 11:43,Union,526
10/23/2018 11:43,Union,526
10/23/2018 11:43,Union,526
10/23/2018 11:43,Union,526
10/23/2018 11:43,Union,526
10/23/2018 11:43,Union,526
10/23/2018 11:43,Floral and Willow IB,55
10/23/2018 11:44,Union,526
10/23/2018 11:45,Floral and Roberts OB,42
10/23/2018 11:50,Leroy St and Murray OB,787
10/23/2018 11:57,Hawley IB,787
10/23/2018 11:59,Main and Front OB,787
10/23/2018 11:59,Union,889
10/23/2018 11:59,Union,889
10/23/2018 11:59,Union,55
10/23/2018 11:59,Union,55
10/23/2018 11:59,Union,55
10/23/2018 11:59,Union,889
10/23/2018 11:59,Union,55
10/23/2018 11:59,Union,889
10/23/2018 11:59,Union,889
10/23/2018 11:59,Union,55
10/23/2018 11:59,Union,889
10/23/2018 12:01,Main and Mather,787
10/23/2018 12:02,Main and Cedar IB,787
10/23/2018 12:02,Main and Cedar IB,787
10/23/2018 12:03,UDC IB,526
10/23/2018 12:03,Main and Schiller IB,787
10/23/2018 12:03,Main and Schiller IB,787
10/23/2018 12:03,Main and Schiller IB,787
10/23/2018 12:03,Main and Schiller IB,787
10/23/2018 12:05,UDC IB,526
10/23/2018 12:06,Floral and Cleveland OB,787
10/23/2018 12:06,Floral and Cleveland OB,787
10/23/2018 12:07,Floral and Willow IB,787
10/23/2018 12:08,Floral and Cook,787
10/23/2018 12:10,Main and Front OB,526
10/23/2018 12:12,Main and Murray IB,526
10/23/2018 12:12,Main and Murray IB,526
10/23/2018 12:12,Main and Murray IB,526
10/23/2018 12:12,Riverside and Beethoven OB,889
10/23/2018 12:13,Main and Mather,526
10/23/2018 12:13,Union,42
10/23/2018 12:13,Union,42
10/23/2018 12:13,Union,42
10/23/2018 12:13,Union,42
10/23/2018 12:14,Union,42
10/23/2018 12:14,Main and Cedar IB,526
10/23/2018 12:14,Main and Cedar IB,526
10/23/2018 12:14,Main and Cedar IB,526
10/23/2018 12:14,Main and Cedar IB,526
10/23/2018 12:15,Union,42
10/23/2018 12:15,Union,42
10/23/2018 12:15,Union,42
10/23/2018 12:15,Main and Clarke IB,526
10/23/2018 12:15,Main and Clarke IB,526
10/23/2018 12:16,Main and Schiller IB,526
10/23/2018 12:16,Main and Schiller IB,526
10/23/2018 12:16,Main and Schiller IB,526
10/23/2018 12:17,Main and Schiller IB,526
10/23/2018 12:17,Main and Schiller IB,526
10/23/2018 12:19,Main and Helen IB,526
10/23/2018 12:19,Physical Facilities,42
10/23/2018 12:21,Floral and Cleveland IB,526
10/23/2018 12:21,Floral and Cleveland IB,526
10/23/2018 12:21,Floral and Burbank IB,526
10/23/2018 12:22,Hawley IB,889
10/23/2018 12:22,Hawley IB,889
10/23/2018 12:22,Floral and Roberts IB,526
10/23/2018 12:24,Main and Murray IB,889
10/23/2018 12:25,Main and Mather,889
10/23/2018 12:25,Main and Mather,889
10/23/2018 12:26,Main and Cedar IB,889
10/23/2018 12:26,Main and Cedar IB,889
10/23/2018 12:26,Main and Cedar IB,889
10/23/2018 12:27,Main and Clarke IB,889
10/23/2018 12:28,Main and Schiller IB,889
10/23/2018 12:28,Main and Schiller IB,889
10/23/2018 12:28,Main and Schiller IB,889
10/23/2018 12:28,Main and Schiller IB,889
10/23/2018 12:28,Main and Schiller IB,889
10/23/2018 12:28,Main and Schiller IB,889
10/23/2018 12:28,Main and Schiller IB,889
10/23/2018 12:28,Main and Schiller IB,889
10/23/2018 12:28,Main and Schiller IB,889
10/23/2018 12:28,Main and Schiller IB,889
10/23/2018 12:30,Main and Helen IB,889
10/23/2018 12:30,Main and Helen IB,889
10/23/2018 12:30,Main and Helen IB,889
10/23/2018 12:30,Leroy St and Chestnut OB,42
10/23/2018 12:33,Floral and Cleveland IB,889
10/23/2018 12:33,Floral and Burbank IB,889
10/23/2018 12:36,UDC IB,42
10/23/2018 12:38,Hawley IB,42
10/23/2018 12:38,Hawley IB,42
10/23/2018 12:38,Hawley IB,42
10/23/2018 12:38,Hawley IB,42
10/23/2018 12:38,Hawley IB,42
10/23/2018 12:38,Hawley IB,42
10/23/2018 12:39,Main and Front OB,42
10/23/2018 12:39,Main and Front OB,42
10/23/2018 12:40,Main and Murray IB,42
10/23/2018 12:40,Main and Murray IB,42
10/23/2018 12:40,Main and Murray IB,42
10/23/2018 12:40,Main and Murray IB,42
10/23/2018 12:40,Main and Murray IB,42
10/23/2018 12:40,Main and Murray IB,42
10/23/2018 12:40,Main and Murray IB,42
10/23/2018 12:40,Main and Murray IB,42
10/23/2018 12:40,Main and Murray IB,42
10/23/2018 12:41,Main and Mather,42
10/23/2018 12:41,Main and Mather,42
10/23/2018 12:41,Main and Mather,42
10/23/2018 12:41,Main and Mather,42
10/23/2018 12:41,Main and Mather,42
10/23/2018 12:41,Main and Mather,42
10/23/2018 12:41,Main and Mather,42
10/23/2018 12:41,Main and Mather,42
10/23/2018 12:41,Main and Mather,42
10/23/2018 12:43,Main and Cedar IB,42
10/23/2018 12:43,Main and Cedar IB,42
10/23/2018 12:43,Main and Cedar IB,42
10/23/2018 12:43,Leroy St and Chestnut OB,21
10/23/2018 12:43,Union,55
10/23/2018 12:43,Main and Cedar IB,42
10/23/2018 12:43,Union,55
10/23/2018 12:43,Union,55
10/23/2018 12:43,Main and Cedar IB,42
10/23/2018 12:43,Union,55
10/23/2018 12:43,Union,55
10/23/2018 12:43,Union,55
10/23/2018 12:43,Union,55
10/23/2018 12:43,Union,55
10/23/2018 12:43,Union,55
10/23/2018 12:44,Main and Clarke IB,42
10/23/2018 12:44,Main and Clarke IB,42
10/23/2018 12:44,Main and Clarke IB,42
10/23/2018 12:44,Main and Clarke IB,42
10/23/2018 12:44,Main and Clarke IB,42
10/23/2018 12:44,Main and Clarke IB,42
10/23/2018 12:44,Main and Clarke IB,42
10/23/2018 12:44,Main and Clarke IB,42
10/23/2018 12:44,Main and Clarke IB,42
10/23/2018 12:44,Main and Clarke IB,42
10/23/2018 12:44,Union,55
10/23/2018 12:44,Union,55
10/23/2018 12:45,Main and Schiller IB,42
10/23/2018 12:45,Main and Schiller IB,42
10/23/2018 12:45,Main and Schiller IB,42
10/23/2018 12:45,Main and Schiller IB,42
10/23/2018 12:45,Main and Schiller IB,42
10/23/2018 12:45,Main and Schiller IB,42
10/23/2018 12:45,Main and Schiller IB,42
10/23/2018 12:45,Main and Schiller IB,42
10/23/2018 12:45,Main and Schiller IB,42
10/23/2018 12:45,Main and Schiller IB,42
10/23/2018 12:45,Main and Schiller IB,42
10/23/2018 12:48,Main and Helen IB,42
10/23/2018 12:51,Hawley IB,21
10/23/2018 12:52,Floral and St. Charles,42
10/23/2018 12:54,Main and Murray IB,21
10/23/2018 12:54,Main and Murray IB,21
10/23/2018 12:54,Main and Murray IB,21
10/23/2018 12:54,Main and Murray IB,21
10/23/2018 12:54,Main and Murray IB,21
10/23/2018 12:54,Main and Murray IB,21
10/23/2018 12:54,Main and Murray IB,21
10/23/2018 12:54,Main and Murray IB,21
10/23/2018 12:54,Main and Murray IB,21
10/23/2018 12:54,Main and Murray IB,21
10/23/2018 12:54,Main and Murray IB,21
10/23/2018 12:54,Main and Murray IB,21
10/23/2018 12:54,Main and Murray IB,21
10/23/2018 12:55,Main and Murray IB,21
10/23/2018 12:55,Main and Mather,21
10/23/2018 12:55,Main and Mather,21
10/23/2018 12:55,Main and Mather,21
10/23/2018 12:55,Main and Mather,21
10/23/2018 12:56,Main and Cedar IB,21
10/23/2018 12:56,Main and Cedar IB,21
10/23/2018 12:56,Main and Cedar IB,21
10/23/2018 12:57,Main and Clarke IB,21
10/23/2018 12:58,Main and Schiller IB,21
10/23/2018 12:58,Main and Schiller IB,21
10/23/2018 12:58,Main and Schiller IB,21
10/23/2018 12:58,Main and Schiller IB,21
10/23/2018 12:58,Main and Schiller IB,21
10/23/2018 12:59,Main and Helen IB,21
10/23/2018 13:00,Main and Crestmont IB,21
10/23/2018 13:01,Main and Crary,21
10/23/2018 13:02,Floral and Cleveland IB,21
10/23/2018 13:02,Floral and Cleveland IB,21
10/23/2018 13:05,Floral and Cook,21
10/23/2018 13:07,Hawley IB,55
10/23/2018 13:09,Main and Front OB,55
10/23/2018 13:10,Main and Murray IB,55
10/23/2018 13:11,Main and Mather,55
10/23/2018 13:11,Main and Mather,55
10/23/2018 13:11,Main and Mather,55
10/23/2018 13:11,Main and Mather,55
10/23/2018 13:11,Main and Mather,55
10/23/2018 13:12,Main and Cedar IB,55
10/23/2018 13:12,Main and Clarke IB,55
10/23/2018 13:13,Main and Schiller IB,55
10/23/2018 13:13,Main and Schiller IB,55
10/23/2018 13:13,Main and Schiller IB,55
10/23/2018 13:13,Main and Schiller IB,55
10/23/2018 13:13,Main and Schiller IB,55
10/23/2018 13:13,Main and Schiller IB,55
10/23/2018 13:14,Union,526
10/23/2018 13:14,Union,526
10/23/2018 13:14,Union,526
10/23/2018 13:15,Union,526
10/23/2018 13:15,Union,526
10/23/2018 13:15,Union,526
10/23/2018 13:15,Union,526
10/23/2018 13:15,Union,526
10/23/2018 13:15,Union,526
10/23/2018 13:15,Union,526
10/23/2018 13:15,Union,526
10/23/2018 13:15,Union,526
10/23/2018 13:17,Floral and Main IB,55
10/23/2018 13:17,Floral and Cleveland IB,55
10/23/2018 13:19,Physical Facilities,526
10/23/2018 13:19,Physical Facilities,526
10/23/2018 13:19,Physical Facilities,526
10/23/2018 13:19,Physical Facilities,526
10/23/2018 13:19,Physical Facilities,526
10/23/2018 13:31,Leroy St and Chestnut OB,526
10/23/2018 13:41,Main and Mather,526
10/23/2018 13:41,Union,42
10/23/2018 13:41,Main and Mather,526
10/23/2018 13:41,Union,42
10/23/2018 13:41,Union,42
10/23/2018 13:41,Union,42
10/23/2018 13:41,Union,42
10/23/2018 13:41,Union,42
10/23/2018 13:41,Union,42
10/23/2018 13:41,Union,42
10/23/2018 13:41,Union,42
10/23/2018 13:42,Union,42
10/23/2018 13:42,Union,42
10/23/2018 13:42,Union,42
10/23/2018 13:42,Union,42
10/23/2018 13:42,Main and Cedar IB,526
10/23/2018 13:42,Main and Cedar IB,526
10/23/2018 13:43,Main and Clarke IB,526
10/23/2018 13:43,Main and Clarke IB,526
10/23/2018 13:43,Main and Clarke IB,526
10/23/2018 13:43,Union,42
10/23/2018 13:43,Union,42
10/23/2018 13:45,Main and Schiller IB,526
10/23/2018 13:45,Main and Schiller IB,526
10/23/2018 13:45,Main and Schiller IB,526
10/23/2018 13:45,Main and Schiller IB,526
10/23/2018 13:47,Main and Helen IB,526
10/23/2018 13:47,Main and Helen IB,526
10/23/2018 13:49,Floral and Cleveland IB,526
10/23/2018 13:59,Leroy St and Murray OB,42
10/23/2018 13:59,Leroy St and Murray OB,42
10/23/2018 13:59,Union,526
10/23/2018 13:59,Union,526
10/23/2018 13:59,Union,526
10/23/2018 13:59,Union,526
10/23/2018 13:59,Union,526
10/23/2018 14:00,Union,526
10/23/2018 14:02,UDC IB,42
10/23/2018 14:02,UDC IB,42
10/23/2018 14:04,UDC IB,42
10/23/2018 14:08,Hawley IB,42
10/23/2018 14:09,Main and Front OB,42
10/23/2018 14:09,Main and Front OB,42
10/23/2018 14:10,Main and Murray IB,42
10/23/2018 14:11,Main and Murray IB,42
10/23/2018 14:11,Main and Murray IB,42
10/23/2018 14:11,Main and Murray IB,42
10/23/2018 14:11,Main and Murray IB,42
10/23/2018 14:11,Main and Murray IB,42
10/23/2018 14:11,Main and Murray IB,42
10/23/2018 14:11,Main and Murray IB,42
10/23/2018 14:12,Main and Mather,42
10/23/2018 14:12,Main and Mather,42
10/23/2018 14:12,Main and Mather,42
10/23/2018 14:12,Main and Mather,42
10/23/2018 14:12,Main and Mather,42
10/23/2018 14:12,Main and Mather,42
10/23/2018 14:13,Main and Cedar IB,42
10/23/2018 14:13,Main and Cedar IB,42
10/23/2018 14:13,Main and Cedar IB,42
10/23/2018 14:13,Main and Cedar IB,42
10/23/2018 14:13,Union,891
10/23/2018 14:13,Union,891
10/23/2018 14:13,Union,891
10/23/2018 14:13,Union,891
10/23/2018 14:13,Union,891
10/23/2018 14:13,Union,891
10/23/2018 14:13,Union,891
10/23/2018 14:13,Union,891
10/23/2018 14:13,Union,891
10/23/2018 14:14,Union,891
10/23/2018 14:14,Main and Clarke IB,42
10/23/2018 14:14,Union,891
10/23/2018 14:14,Union,891
10/23/2018 14:14,Union,891
10/23/2018 14:14,Union,891
10/23/2018 14:14,Union,891
10/23/2018 14:14,Union,891
10/23/2018 14:14,Union,891
10/23/2018 14:15,Main and Schiller IB,42
10/23/2018 14:15,Main and Schiller IB,42
10/23/2018 14:15,Main and Schiller IB,42
10/23/2018 14:15,Main and Schiller IB,42
10/23/2018 14:15,Main and Schiller IB,42
10/23/2018 14:15,Main and Schiller IB,42
10/23/2018 14:15,Main and Schiller IB,42
10/23/2018 14:15,Main and Schiller IB,42
10/23/2018 14:15,Main and Schiller IB,42
10/23/2018 14:15,Main and Schiller IB,42
10/23/2018 14:15,Main and Schiller IB,42
10/23/2018 14:15,Main and Schiller IB,42
10/23/2018 14:15,Main and Schiller IB,42
10/23/2018 14:15,Main and Schiller IB,42
10/23/2018 14:15,Main and Schiller IB,42
10/23/2018 14:17,Main and Helen IB,42
10/23/2018 14:17,Main and Helen IB,42
10/23/2018 14:17,Main and Helen IB,42
10/23/2018 14:32,UDC IB,891
10/23/2018 14:32,UDC IB,891
10/23/2018 14:33,UDC IB,891
10/23/2018 14:35,UDC IB,891
10/23/2018 14:37,Hawley IB,891
10/23/2018 14:39,Main and Front OB,891
10/23/2018 14:39,Main and Front OB,891
10/23/2018 14:39,Main and Front OB,891
10/23/2018 14:41,Main and Murray IB,891
10/23/2018 14:41,Main and Murray IB,891
10/23/2018 14:41,Main and Murray IB,891
10/23/2018 14:41,Main and Murray IB,891
10/23/2018 14:41,Main and Murray IB,891
10/23/2018 14:41,Main and Murray IB,891
10/23/2018 14:41,Main and Murray IB,891
10/23/2018 14:42,Main and Mather,891
10/23/2018 14:42,Main and Mather,891
10/23/2018 14:42,Main and Mather,891
10/23/2018 14:42,Main and Mather,891
10/23/2018 14:43,Main and Cedar IB,891
10/23/2018 14:43,Main and Cedar IB,891
10/23/2018 14:44,Main and Clarke IB,891
10/23/2018 14:44,Main and Clarke IB,891
10/23/2018 14:44,Main and Clarke IB,891
10/23/2018 14:45,Main and Schiller IB,891
10/23/2018 14:45,Main and Schiller IB,891
10/23/2018 14:45,Main and Schiller IB,891
10/23/2018 14:45,Main and Schiller IB,891
10/23/2018 14:45,Main and Schiller IB,891
10/23/2018 14:47,Union,526
10/23/2018 14:47,Union,526
10/23/2018 14:47,Union,526
10/23/2018 14:47,Union,526
10/23/2018 14:47,Union,526
10/23/2018 14:47,Union,526
10/23/2018 14:47,Main and Helen IB,891
10/23/2018 14:47,Main and Helen IB,891
10/23/2018 14:47,Union,526
10/23/2018 14:47,Union,526
10/23/2018 14:47,Union,526
10/23/2018 14:47,Union,526
10/23/2018 14:47,Union,526
10/23/2018 14:47,Union,526
10/23/2018 14:47,Union,526
10/23/2018 14:47,Union,526
10/23/2018 14:47,Union,526
10/23/2018 14:47,Union,526
10/23/2018 14:47,Union,526
10/23/2018 14:47,Union,526
10/23/2018 14:47,Union,526
10/23/2018 14:47,Union,526
10/23/2018 14:47,Union,526
10/23/2018 14:47,Union,526
10/23/2018 14:47,Union,526
10/23/2018 14:47,Union,526
10/23/2018 14:47,Union,526
10/23/2018 14:47,Union,526
10/23/2018 14:47,Union,526
10/23/2018 14:48,Union,526
10/23/2018 14:48,Union,526
10/23/2018 14:48,Union,526
10/23/2018 14:48,Main and Crary,891
10/23/2018 14:48,Union,526
10/23/2018 14:48,Union,526
10/23/2018 14:48,Union,526
10/23/2018 14:48,Union,526
10/23/2018 14:48,Union,526
10/23/2018 14:48,Union,526
10/23/2018 14:48,Union,526
10/23/2018 14:48,Union,526
10/23/2018 14:49,Union,526
10/23/2018 14:49,Floral and Cleveland IB,891
10/23/2018 14:49,Floral and Cleveland IB,891
10/23/2018 14:50,Floral and Cleveland IB,891
10/23/2018 14:51,Floral and Harrison IB,891
10/23/2018 14:52,Physical Facilities,526
10/23/2018 14:52,Physical Facilities,526
10/23/2018 14:52,Physical Facilities,526
10/23/2018 15:14,Union,55
10/23/2018 15:14,Union,55
10/23/2018 15:14,Union,55
10/23/2018 15:14,Union,55
10/23/2018 15:14,Union,55
10/23/2018 15:14,Union,55
10/23/2018 15:15,Union,55
10/23/2018 15:17,Hawley IB,526
10/23/2018 15:17,Hawley IB,526
10/23/2018 15:19,Main and Murray IB,526
10/23/2018 15:20,Main and Cedar IB,526
10/23/2018 15:27,Floral and Harrison IB,526
10/23/2018 15:34,UDC IB,55
10/23/2018 15:34,UDC IB,55
10/23/2018 15:34,UDC IB,55
10/23/2018 15:34,UDC IB,55
10/23/2018 15:34,UDC IB,55
10/23/2018 15:38,Hawley IB,55
10/23/2018 15:38,Hawley IB,55
10/23/2018 15:38,Hawley IB,55
10/23/2018 15:38,Hawley IB,55
10/23/2018 15:38,Main and Front OB,55
10/23/2018 15:40,Main and Mather,55
10/23/2018 15:40,Main and Mather,55
10/23/2018 15:40,Main and Mather,55
10/23/2018 15:41,Main and Cedar IB,55
10/23/2018 15:41,Main and Cedar IB,55
10/23/2018 15:41,Main and Cedar IB,55
10/23/2018 15:41,Main and Cedar IB,55
10/23/2018 15:42,Main and Clarke IB,55
10/23/2018 15:43,Main and Schiller IB,55
10/23/2018 15:43,Main and Schiller IB,55
10/23/2018 15:43,Union,891
10/23/2018 15:43,Union,891
10/23/2018 15:43,Union,891
10/23/2018 15:43,Union,891
10/23/2018 15:43,Union,891
10/23/2018 15:43,Union,891
10/23/2018 15:44,Union,891
10/23/2018 15:44,Union,891
10/23/2018 15:44,Union,891
10/23/2018 15:44,Union,891
10/23/2018 15:44,Union,891
10/23/2018 15:44,Union,891
10/23/2018 15:44,Union,891
10/23/2018 15:44,Union,891
10/23/2018 15:44,Union,891
10/23/2018 15:44,Union,891
10/23/2018 15:45,Main and Helen IB,55
10/23/2018 15:47,Physical Facilities,891
10/23/2018 15:48,Floral and Main IB,55
10/23/2018 15:48,Floral and Main IB,55
10/23/2018 15:49,Floral and Cleveland IB,55
10/23/2018 15:49,Floral and Cleveland IB,55
10/23/2018 15:49,Floral and Cleveland IB,55
10/23/2018 15:49,Floral and Cleveland IB,55
10/23/2018 15:49,Floral and Cleveland IB,55
10/23/2018 15:50,Floral and St. Charles,55
10/23/2018 15:58,Leroy St and Murray OB,891
10/23/2018 16:00,Riverside and Front,891
10/23/2018 16:07,Main and Front OB,891
10/23/2018 16:07,Main and Front OB,891
10/23/2018 16:07,Main and Front OB,891
10/23/2018 16:09,Main and Murray IB,891
10/23/2018 16:09,Main and Murray IB,891
10/23/2018 16:10,Main and Mather,891
10/23/2018 16:10,Main and Mather,891
10/23/2018 16:11,Main and Cedar IB,891
10/23/2018 16:11,Main and Cedar IB,891
10/23/2018 16:12,Main and Clarke IB,891
10/23/2018 16:14,Main and Schiller IB,891
10/23/2018 16:14,Main and Schiller IB,891
10/23/2018 16:14,Main and Schiller IB,891
10/23/2018 16:14,Main and Schiller IB,891
10/23/2018 16:14,Main and Schiller IB,891
10/23/2018 16:14,Main and Schiller IB,891
10/23/2018 16:15,Main and Helen IB,891
10/23/2018 16:15,Union,21
10/23/2018 16:15,Union,21
10/23/2018 16:15,Union,21
10/23/2018 16:16,Union,21
10/23/2018 16:16,Union,21
10/23/2018 16:16,Union,21
10/23/2018 16:16,Union,21
10/23/2018 16:16,Union,21
10/23/2018 16:16,Union,21
10/23/2018 16:16,Union,21
10/23/2018 16:16,Union,21
10/23/2018 16:16,Union,21
10/23/2018 16:16,Union,21
10/23/2018 16:16,Union,21
10/23/2018 16:16,Union,21
10/23/2018 16:16,Union,21
10/23/2018 16:16,Union,21
10/23/2018 16:16,Union,21
10/23/2018 16:16,Union,21
10/23/2018 16:16,Union,21
10/23/2018 16:17,Floral and Main IB,891
10/23/2018 16:17,Union,21
10/23/2018 16:17,Union,21
10/23/2018 16:17,Union,21
10/23/2018 16:17,Union,21
10/23/2018 16:17,Union,21
10/23/2018 16:17,Union,21
10/23/2018 16:17,Union,21
10/23/2018 16:18,Union,21
10/23/2018 16:18,Union,21
10/23/2018 16:18,Union,21
10/23/2018 16:18,Union,21
10/23/2018 16:18,Union,21
10/23/2018 16:19,Union,21
10/23/2018 16:19,Union,21
10/23/2018 16:20,Union,21
10/23/2018 16:20,Union,21
10/23/2018 16:35,Union,42
10/23/2018 16:35,Union,42
10/23/2018 16:35,Union,42
10/23/2018 16:35,Union,42
10/23/2018 16:36,Union,42
10/23/2018 16:36,Union,42
10/23/2018 16:37,Union,42
10/23/2018 16:38,Union,42
10/23/2018 16:38,Union,42
10/23/2018 16:40,Union,42
10/23/2018 16:43,Union,42
10/23/2018 16:43,Union,42
10/23/2018 16:43,UDC IB,21
10/23/2018 16:43,UDC IB,21
10/23/2018 16:43,UDC IB,21
10/23/2018 16:43,UDC IB,21
10/23/2018 16:43,UDC IB,21
10/23/2018 16:43,UDC IB,21
10/23/2018 16:44,Union,42
10/23/2018 16:44,Union,42
10/23/2018 16:44,Union,42
10/23/2018 16:46,Union,42
10/23/2018 16:46,Union,42
10/23/2018 16:47,Main and Murray IB,21
10/23/2018 16:47,Main and Murray IB,21
10/23/2018 16:48,Union,42
10/23/2018 16:48,Union,42
10/23/2018 16:48,Main and Mather,21
10/23/2018 16:49,Union,42
10/23/2018 16:50,Main and Cedar IB,21
10/23/2018 16:50,Union,42
10/23/2018 16:50,Main and Clarke IB,21
10/23/2018 16:51,Main and Schiller IB,21
10/23/2018 16:51,Main and Schiller IB,21
10/23/2018 16:51,Main and Schiller IB,21
10/23/2018 16:52,Physical Facilities,42
10/23/2018 16:57,Floral and Harrison IB,21
10/23/2018 17:03,Leroy St and Chestnut OB,42
10/23/2018 17:07,Union,787
10/23/2018 17:07,Union,787
10/23/2018 17:08,Union,787
10/23/2018 17:08,UDC IB,42
10/23/2018 17:08,UDC IB,42
10/23/2018 17:09,UDC IB,42
10/23/2018 17:09,UDC IB,42
10/23/2018 17:10,Union,787
10/23/2018 17:12,Hawley IB,42
10/23/2018 17:12,Hawley IB,42
10/23/2018 17:12,Hawley IB,42
10/23/2018 17:12,Hawley IB,42
10/23/2018 17:13,Union,787
10/23/2018 17:13,Union,787
10/23/2018 17:13,Union,787
10/23/2018 17:13,Union,787
10/23/2018 17:13,Union,787
10/23/2018 17:13,Union,787
10/23/2018 17:14,Union,787
10/23/2018 17:14,Main and Murray IB,42
10/23/2018 17:14,Main and Murray IB,42
10/23/2018 17:14,Main and Murray IB,42
10/23/2018 17:14,Main and Murray IB,42
10/23/2018 17:14,Main and Murray IB,42
10/23/2018 17:14,Union,787
10/23/2018 17:14,Main and Mather,42
10/23/2018 17:15,Union,787
10/23/2018 17:15,Union,787
10/23/2018 17:15,Main and Mather,42
10/23/2018 17:15,Union,787
10/23/2018 17:15,Main and Mather,42
10/23/2018 17:15,Main and Mather,42
10/23/2018 17:16,Main and Cedar IB,42
10/23/2018 17:16,Main and Cedar IB,42
10/23/2018 17:16,Main and Cedar IB,42
10/23/2018 17:16,Main and Cedar IB,42
10/23/2018 17:16,Main and Cedar IB,42
10/23/2018 17:17,Union,787
10/23/2018 17:18,Main and Schiller IB,42
10/23/2018 17:18,Main and Schiller IB,42
10/23/2018 17:18,Main and Schiller IB,42
10/23/2018 17:18,Main and Schiller IB,42
10/23/2018 17:19,Union,787
10/23/2018 17:20,Union,787
10/23/2018 17:20,Union,787
10/23/2018 17:20,Union,787
10/23/2018 17:20,Union,787
10/23/2018 17:21,Engineering Bldg,787
10/23/2018 17:23,Physical Facilities,787
10/23/2018 17:23,Physical Facilities,787
10/23/2018 17:38,UDC IB,787
10/23/2018 17:39,UDC IB,787
10/23/2018 17:42,Hawley IB,787
10/23/2018 17:42,Main and Front OB,787
10/23/2018 17:42,Main and Front OB,787
10/23/2018 17:43,Main and Murray IB,787
10/23/2018 17:44,Main and Murray IB,787
10/23/2018 17:44,Main and Murray IB,787
10/23/2018 17:44,Main and Murray IB,787
10/23/2018 17:44,Main and Murray IB,787
10/23/2018 17:45,Main and Mather,787
10/23/2018 17:46,Main and Cedar IB,787
10/23/2018 17:48,Main and Schiller IB,787
10/23/2018 17:48,Main and Schiller IB,787
10/23/2018 17:48,Main and Schiller IB,787
10/23/2018 17:49,Union,55
10/23/2018 17:49,Union,55
10/23/2018 17:49,Union,55
10/23/2018 17:49,Union,55
10/23/2018 17:49,Union,55
10/23/2018 17:49,Union,55
10/23/2018 17:49,Union,55
10/23/2018 17:49,Union,55
10/23/2018 17:49,Union,55
10/23/2018 17:49,Union,55
10/23/2018 17:49,Union,55
10/23/2018 17:49,Union,55
10/23/2018 17:49,Union,55
10/23/2018 17:49,Union,55
10/23/2018 17:49,Union,55
10/23/2018 17:49,Union,55
10/23/2018 17:49,Union,55
10/23/2018 17:49,Union,55
10/23/2018 17:50,Union,55
10/23/2018 17:50,Union,55
10/23/2018 17:50,Union,55
10/23/2018 17:51,Floral and Cleveland IB,787
10/23/2018 17:51,Floral and Cleveland IB,787
10/23/2018 17:56,Physical Facilities,55
10/23/2018 17:56,Physical Facilities,55
10/23/2018 18:11,UDC IB,55
10/23/2018 18:13,Union,526
10/23/2018 18:13,Union,526
10/23/2018 18:13,Union,526
10/23/2018 18:13,Union,526
10/23/2018 18:13,Union,526
10/23/2018 18:13,Union,526
10/23/2018 18:13,Union,526
10/23/2018 18:13,Union,526
10/23/2018 18:13,Union,526
10/23/2018 18:13,Union,526
10/23/2018 18:13,Union,526
10/23/2018 18:13,Union,526
10/23/2018 18:13,Union,526
10/23/2018 18:13,Union,526
10/23/2018 18:13,Union,526
10/23/2018 18:13,Union,526
10/23/2018 18:13,Union,526
10/23/2018 18:13,Union,526
10/23/2018 18:13,Union,526
10/23/2018 18:14,Hawley IB,55
10/23/2018 18:15,Union,526
10/23/2018 18:15,Union,526
10/23/2018 18:15,Union,526
10/23/2018 18:16,Union,526
10/23/2018 18:16,Union,526
10/23/2018 18:16,Union,526
10/23/2018 18:16,Main and Murray IB,55
10/23/2018 18:16,Main and Murray IB,55
10/23/2018 18:16,Main and Murray IB,55
10/23/2018 18:16,Main and Murray IB,55
10/23/2018 18:16,Main and Murray IB,55
10/23/2018 18:16,Main and Murray IB,55
10/23/2018 18:16,Main and Murray IB,55
10/23/2018 18:16,Main and Murray IB,55
10/23/2018 18:16,Union,526
10/23/2018 18:17,Union,526
10/23/2018 18:17,Union,526
10/23/2018 18:17,Union,526
10/23/2018 18:17,Union,526
10/23/2018 18:18,Union,526
10/23/2018 18:18,Main and Cedar IB,55
10/23/2018 18:18,Union,526
10/23/2018 18:18,Main and Cedar IB,55
10/23/2018 18:18,Union,526
10/23/2018 18:18,Main and Clarke IB,55
10/23/2018 18:20,Main and Helen IB,55
10/23/2018 18:21,Main and Helen IB,55
10/23/2018 18:23,Floral and Cleveland IB,55
10/23/2018 18:23,Floral and Cleveland IB,55
10/23/2018 18:36,Leroy St and Chestnut OB,526
10/23/2018 18:36,Leroy St and Chestnut OB,526
10/23/2018 18:40,Riverside and Front,526
10/23/2018 18:46,Main and Murray IB,526
10/23/2018 18:46,Main and Murray IB,526
10/23/2018 18:47,Union,889
10/23/2018 18:47,Union,889
10/23/2018 18:48,Union,889
10/23/2018 18:48,Union,889
10/23/2018 18:48,Union,889
10/23/2018 18:48,Union,889
10/23/2018 18:48,Union,889
10/23/2018 18:48,Union,889
10/23/2018 18:49,Main and Schiller IB,526
10/23/2018 18:49,Main and Schiller IB,526
10/23/2018 18:49,Main and Schiller IB,526
10/23/2018 18:49,Union,889
10/23/2018 18:49,Union,889
10/23/2018 18:49,Union,889
10/23/2018 18:49,Union,889
10/23/2018 18:49,Union,889
10/23/2018 18:49,Union,889
10/23/2018 18:49,Union,889
10/23/2018 18:50,Union,889
10/23/2018 18:50,Union,889
10/23/2018 18:50,Union,889
10/23/2018 18:50,Main and Helen IB,526
10/23/2018 18:50,Union,889
10/23/2018 18:50,Union,889
10/23/2018 18:52,Physical Facilities,889
10/23/2018 18:52,Physical Facilities,889
10/23/2018 19:07,UDC IB,889
10/23/2018 19:09,UDC IB,889
10/23/2018 19:12,Hawley IB,889
10/23/2018 19:12,Hawley IB,889
10/23/2018 19:12,Hawley IB,889
10/23/2018 19:12,Hawley IB,889
10/23/2018 19:12,Hawley IB,889
10/23/2018 19:12,Hawley IB,889
10/23/2018 19:13,Main and Front OB,889
10/23/2018 19:14,Main and Murray IB,889
10/23/2018 19:14,Main and Murray IB,889
10/23/2018 19:14,Main and Murray IB,889
10/23/2018 19:15,Union,891
10/23/2018 19:15,Union,891
10/23/2018 19:15,Union,891
10/23/2018 19:15,Union,891
10/23/2018 19:15,Union,891
10/23/2018 19:15,Union,891
10/23/2018 19:15,Union,891
10/23/2018 19:15,Union,891
10/23/2018 19:15,Union,891
10/23/2018 19:15,Union,891
10/23/2018 19:15,Union,891
10/23/2018 19:15,Main and Mather,889
10/23/2018 19:15,Union,891
10/23/2018 19:15,Union,891
10/23/2018 19:15,Main and Mather,889
10/23/2018 19:15,Union,891
10/23/2018 19:15,Union,891
10/23/2018 19:15,Union,891
10/23/2018 19:15,Union,891
10/23/2018 19:16,Union,891
10/23/2018 19:16,Union,891
10/23/2018 19:16,Main and Cedar IB,889
10/23/2018 19:17,Main and Clarke IB,889
10/23/2018 19:17,Main and Clarke IB,889
10/23/2018 19:17,Main and Schiller IB,889
10/23/2018 19:18,Main and Schiller IB,889
10/23/2018 19:18,Main and Schiller IB,889
10/23/2018 19:31,Leroy St and Murray OB,891
10/23/2018 19:32,Union,42
10/23/2018 19:32,Union,42
10/23/2018 19:32,Union,42
10/23/2018 19:32,Union,42
10/23/2018 19:32,Union,42
10/23/2018 19:32,Union,42
10/23/2018 19:32,Union,42
10/23/2018 19:32,Union,42
10/23/2018 19:32,Union,42
10/23/2018 19:32,Union,42
10/23/2018 19:32,Union,42
10/23/2018 19:32,Union,42
10/23/2018 19:33,Union,42
10/23/2018 19:33,Union,42
10/23/2018 19:33,Union,42
10/23/2018 19:33,Union,42
10/23/2018 19:33,Union,42
10/23/2018 19:33,Union,42
10/23/2018 19:33,Union,42
10/23/2018 19:34,Union,42
10/23/2018 19:34,Union,42
10/23/2018 19:34,Union,42
10/23/2018 19:34,UDC IB,891
10/23/2018 19:34,UDC IB,891
10/23/2018 19:35,UDC IB,891
10/23/2018 19:35,Union,42
10/23/2018 19:35,Union,42
10/23/2018 19:35,Union,42
10/23/2018 19:35,Union,42
10/23/2018 19:35,Union,42
10/23/2018 19:38,Union,42
10/23/2018 19:39,Hawley IB,891
10/23/2018 19:39,Hawley IB,891
10/23/2018 19:40,Union,42
10/23/2018 19:40,Union,42
10/23/2018 19:40,Union,42
10/23/2018 19:40,Union,42
10/23/2018 19:40,Union,42
10/23/2018 19:40,Main and Murray IB,891
10/23/2018 19:41,Main and Mather,891
10/23/2018 19:41,Main and Mather,891
10/23/2018 19:41,Main and Mather,891
10/23/2018 19:42,Union,42
10/23/2018 19:42,Union,42
10/23/2018 19:43,Main and Cedar IB,891
10/23/2018 19:43,Union,42
10/23/2018 19:43,Union,42
10/23/2018 19:43,Union,42
10/23/2018 19:43,Union,42
10/23/2018 19:44,Main and Clarke IB,891
10/23/2018 19:44,Union,42
10/23/2018 19:44,Main and Clarke IB,891
10/23/2018 19:46,Main and Helen IB,891
10/23/2018 19:48,Floral and Cleveland IB,891
10/23/2018 19:48,Floral and Cleveland IB,891
10/23/2018 19:48,Floral and Cleveland IB,891
10/23/2018 19:50,Floral and Willow OB,891
10/23/2018 19:59,Leroy St and Murray OB,42
