DateTime,StopName,VehicleID
10/1/2018 7:23,Floral and New York,528
10/1/2018 7:27,Main and Schiller OB,528
10/1/2018 7:28,Main and Cedar OB,528
10/1/2018 7:33,UDC,528
10/1/2018 7:33,UDC,528
10/1/2018 7:34,UDC,528
10/1/2018 7:34,UDC,528
10/1/2018 7:34,UDC,528
10/1/2018 7:34,UDC,528
10/1/2018 7:36,UDC,528
10/1/2018 7:36,UDC,528
10/1/2018 7:44,Leroy St and Murray IB,528
10/1/2018 7:44,Leroy St and Murray IB,528
10/1/2018 7:44,Leroy St and Murray IB,528
10/1/2018 7:44,Leroy St and Murray IB,528
10/1/2018 7:44,Leroy St and Murray IB,528
10/1/2018 7:44,Leroy St and Murray IB,528
10/1/2018 7:44,Leroy St and Murray IB,528
10/1/2018 7:45,Leroy St and Chestnut IB,528
10/1/2018 7:45,Leroy St and Chestnut IB,528
10/1/2018 7:45,Leroy St and Chestnut IB,528
10/1/2018 7:45,Leroy St and Chestnut IB,528
10/1/2018 7:45,Leroy St and Chestnut IB,528
10/1/2018 7:45,Leroy St and Chestnut IB,528
10/1/2018 7:46,Leroy St and Chestnut IB,528
10/1/2018 7:46,Leroy St and Chestnut IB,528
10/1/2018 7:46,Leroy St and Chestnut IB,528
10/1/2018 7:46,Leroy St and Chestnut IB,528
10/1/2018 7:46,Leroy St and Chestnut IB,528
10/1/2018 7:46,Leroy St and Laurel IB,528
10/1/2018 7:55,UDC,891
10/1/2018 7:55,UDC,891
10/1/2018 7:55,UDC,891
10/1/2018 7:56,UDC,891
10/1/2018 7:56,UDC,891
10/1/2018 7:56,UDC,891
10/1/2018 7:56,UDC,891
10/1/2018 7:56,UDC,891
10/1/2018 7:59,Leroy St and Front,891
10/1/2018 7:59,Leroy St and Front,891
10/1/2018 7:59,Leroy St and Front,891
10/1/2018 8:00,Leroy St and Murray IB,891
10/1/2018 8:00,Leroy St and Murray IB,891
10/1/2018 8:00,Leroy St and Murray IB,891
10/1/2018 8:00,Leroy St and Murray IB,891
10/1/2018 8:00,Leroy St and Murray IB,891
10/1/2018 8:00,Leroy St and Murray IB,891
10/1/2018 8:00,Leroy St and Murray IB,891
10/1/2018 8:00,Leroy St and Murray IB,891
10/1/2018 8:00,Leroy St and Murray IB,891
10/1/2018 8:00,Leroy St and Murray IB,891
10/1/2018 8:00,Leroy St and Murray IB,891
10/1/2018 8:00,Leroy St and Murray IB,891
10/1/2018 8:00,Leroy St and Murray IB,891
10/1/2018 8:00,Leroy St and Murray IB,891
10/1/2018 8:00,Leroy St and Murray IB,891
10/1/2018 8:00,Leroy St and Murray IB,891
10/1/2018 8:00,Leroy St and Murray IB,891
10/1/2018 8:00,Leroy St and Murray IB,891
10/1/2018 8:00,Leroy St and Murray IB,891
10/1/2018 8:01,Leroy St and Murray IB,891
10/1/2018 8:01,Leroy St and Murray IB,891
10/1/2018 8:01,Leroy St and Murray IB,891
10/1/2018 8:01,Leroy St and Murray IB,891
10/1/2018 8:01,Leroy St and Murray IB,891
10/1/2018 8:01,Leroy St and Murray IB,891
10/1/2018 8:01,Leroy St and Chestnut IB,891
10/1/2018 8:01,Leroy St and Chestnut IB,891
10/1/2018 8:01,Leroy St and Chestnut IB,891
10/1/2018 8:02,Leroy St and Chestnut IB,891
10/1/2018 8:02,Leroy St and Chestnut IB,891
10/1/2018 8:23,UDC,54
10/1/2018 8:24,UDC,54
10/1/2018 8:26,UDC,54
10/1/2018 8:28,Main and Clarke OB,891
10/1/2018 8:29,Leroy St and Front,54
10/1/2018 8:29,Leroy St and Front,54
10/1/2018 8:30,Leroy St and Murray IB,54
10/1/2018 8:30,Leroy St and Murray IB,54
10/1/2018 8:30,Leroy St and Murray IB,54
10/1/2018 8:30,Leroy St and Murray IB,54
10/1/2018 8:30,Leroy St and Murray IB,54
10/1/2018 8:30,Leroy St and Murray IB,54
10/1/2018 8:30,Main and Murray OB,891
10/1/2018 8:31,Leroy St and Chestnut IB,54
10/1/2018 8:31,Leroy St and Chestnut IB,54
10/1/2018 8:31,Leroy St and Chestnut IB,54
10/1/2018 8:31,Leroy St and Chestnut IB,54
10/1/2018 8:31,Leroy St and Chestnut IB,54
10/1/2018 8:31,Leroy St and Chestnut IB,54
10/1/2018 8:31,Leroy St and Chestnut IB,54
10/1/2018 8:32,Leroy St and Laurel IB,54
10/1/2018 8:33,Beethoven and Leroy,54
10/1/2018 8:33,UDC,891
10/1/2018 8:33,UDC,891
10/1/2018 8:34,UDC,891
10/1/2018 8:39,UDC,891
10/1/2018 8:42,Leroy St and Front,891
10/1/2018 8:42,Leroy St and Front,891
10/1/2018 8:43,Leroy St and Murray IB,891
10/1/2018 8:43,Leroy St and Murray IB,891
10/1/2018 8:43,Leroy St and Murray IB,891
10/1/2018 8:43,Leroy St and Murray IB,891
10/1/2018 8:43,Leroy St and Murray IB,891
10/1/2018 8:44,Leroy St and Chestnut IB,891
10/1/2018 8:44,Leroy St and Chestnut IB,891
10/1/2018 8:44,Leroy St and Chestnut IB,891
10/1/2018 8:44,Leroy St and Chestnut IB,891
10/1/2018 8:44,Leroy St and Chestnut IB,891
10/1/2018 8:44,Leroy St and Chestnut IB,891
10/1/2018 9:14,Union,527
10/1/2018 9:14,Union,527
10/1/2018 9:27,Main and Clarke IB,527
10/1/2018 9:38,UDC,527
10/1/2018 9:38,UDC,527
10/1/2018 9:43,Leroy St and Front,527
10/1/2018 9:43,Leroy St and Front,527
10/1/2018 9:43,Leroy St and Front,527
10/1/2018 9:44,Leroy St and Murray IB,527
10/1/2018 9:44,Leroy St and Murray IB,527
10/1/2018 9:44,Leroy St and Murray IB,527
10/1/2018 9:44,Leroy St and Murray IB,527
10/1/2018 9:44,Leroy St and Murray IB,527
10/1/2018 9:44,Union,891
10/1/2018 9:44,Union,891
10/1/2018 9:45,Union,891
10/1/2018 9:45,Union,891
10/1/2018 9:45,Union,891
10/1/2018 9:45,Union,891
10/1/2018 9:45,Union,891
10/1/2018 9:45,Union,891
10/1/2018 9:45,Union,891
10/1/2018 9:45,Union,891
10/1/2018 9:45,Union,891
10/1/2018 9:45,Union,891
10/1/2018 9:45,Union,891
10/1/2018 9:45,Union,891
10/1/2018 9:45,Union,891
10/1/2018 9:45,Union,891
10/1/2018 9:45,Union,891
10/1/2018 9:45,Union,891
10/1/2018 9:45,Union,891
10/1/2018 9:45,Union,891
10/1/2018 9:45,Union,891
10/1/2018 9:45,Union,891
10/1/2018 9:45,Leroy St and Chestnut OB,527
10/1/2018 9:45,Union,891
10/1/2018 9:45,Leroy St and Chestnut OB,527
10/1/2018 9:45,Leroy St and Chestnut OB,527
10/1/2018 9:45,Union,891
10/1/2018 9:45,Leroy St and Chestnut OB,527
10/1/2018 9:45,Leroy St and Chestnut OB,527
10/1/2018 9:45,Union,891
10/1/2018 9:46,Union,891
10/1/2018 9:46,Union,891
10/1/2018 9:46,Union,891
10/1/2018 9:46,Union,891
10/1/2018 9:46,Union,891
10/1/2018 9:49,Physical Facilities,891
10/1/2018 9:49,Physical Facilities,891
10/1/2018 9:49,Physical Facilities,891
10/1/2018 9:57,Floral and Cleveland OB,891
10/1/2018 9:58,Leroy St and Front,526
10/1/2018 9:59,Leroy St and Murray IB,526
10/1/2018 9:59,Leroy St and Murray IB,526
10/1/2018 9:59,Leroy St and Murray IB,526
10/1/2018 9:59,Leroy St and Murray IB,526
10/1/2018 10:00,Leroy St and Chestnut OB,526
10/1/2018 10:05,Main and Arthur,891
10/1/2018 10:06,Main and Murray OB,891
10/1/2018 10:11,UDC,891
10/1/2018 10:13,Union,527
10/1/2018 10:13,Union,527
10/1/2018 10:13,Union,527
10/1/2018 10:13,Union,527
10/1/2018 10:13,Union,527
10/1/2018 10:13,Union,527
10/1/2018 10:13,Union,527
10/1/2018 10:13,Union,527
10/1/2018 10:13,Union,527
10/1/2018 10:13,Union,527
10/1/2018 10:13,Union,527
10/1/2018 10:13,Union,527
10/1/2018 10:13,Union,527
10/1/2018 10:14,Leroy St and Front,891
10/1/2018 10:14,Leroy St and Front,891
10/1/2018 10:14,Union,527
10/1/2018 10:14,Union,527
10/1/2018 10:15,Leroy St and Murray IB,891
10/1/2018 10:15,Leroy St and Murray IB,891
10/1/2018 10:15,Leroy St and Murray IB,891
10/1/2018 10:15,Leroy St and Murray IB,891
10/1/2018 10:15,Leroy St and Murray IB,891
10/1/2018 10:15,Leroy St and Murray IB,891
10/1/2018 10:15,Leroy St and Murray IB,891
10/1/2018 10:15,Leroy St and Murray IB,891
10/1/2018 10:15,Leroy St and Murray IB,891
10/1/2018 10:16,Leroy St and Chestnut IB,891
10/1/2018 10:16,Leroy St and Chestnut IB,891
10/1/2018 10:16,Leroy St and Chestnut IB,891
10/1/2018 10:16,Leroy St and Chestnut IB,891
10/1/2018 10:16,Leroy St and Chestnut IB,891
10/1/2018 10:16,Leroy St and Chestnut IB,891
10/1/2018 10:16,Leroy St and Chestnut IB,891
10/1/2018 10:16,Leroy St and Chestnut IB,891
10/1/2018 10:21,UDC,43
10/1/2018 10:21,UDC,43
10/1/2018 10:23,UDC,43
10/1/2018 10:27,Main and Helen OB,527
10/1/2018 10:28,Leroy St and Front,43
10/1/2018 10:28,Leroy St and Front,43
10/1/2018 10:28,Leroy St and Front,43
10/1/2018 10:28,Leroy St and Front,43
10/1/2018 10:28,Leroy St and Front,43
10/1/2018 10:29,Leroy St and Murray IB,43
10/1/2018 10:29,Leroy St and Murray IB,43
10/1/2018 10:29,Leroy St and Murray IB,43
10/1/2018 10:29,Leroy St and Murray IB,43
10/1/2018 10:29,Leroy St and Murray IB,43
10/1/2018 10:29,Leroy St and Murray IB,43
10/1/2018 10:29,Leroy St and Murray IB,43
10/1/2018 10:29,Leroy St and Murray IB,43
10/1/2018 10:29,Leroy St and Murray IB,43
10/1/2018 10:29,Leroy St and Murray IB,43
10/1/2018 10:30,Leroy St and Murray IB,43
10/1/2018 10:30,Leroy St and Murray IB,43
10/1/2018 10:30,Leroy St and Murray IB,43
10/1/2018 10:30,Leroy St and Murray IB,43
10/1/2018 10:30,Leroy St and Murray IB,43
10/1/2018 10:30,Leroy St and Murray IB,43
10/1/2018 10:30,Leroy St and Murray IB,43
10/1/2018 10:30,Main and Cedar OB,527
10/1/2018 10:30,Union,891
10/1/2018 10:30,Union,891
10/1/2018 10:30,Union,891
10/1/2018 10:31,Leroy St and Chestnut IB,43
10/1/2018 10:31,Leroy St and Chestnut IB,43
10/1/2018 10:31,Leroy St and Chestnut IB,43
10/1/2018 10:31,Leroy St and Chestnut IB,43
10/1/2018 10:31,Leroy St and Chestnut IB,43
10/1/2018 10:31,Leroy St and Chestnut IB,43
10/1/2018 10:31,Main and Arthur,527
10/1/2018 10:33,Beethoven and Leroy,43
10/1/2018 10:37,UDC,527
10/1/2018 10:37,UDC,527
10/1/2018 10:37,UDC,527
10/1/2018 10:39,UDC,527
10/1/2018 10:40,UDC,527
10/1/2018 10:42,Leroy St and Front,527
10/1/2018 10:42,Leroy St and Front,527
10/1/2018 10:43,Leroy St and Murray IB,527
10/1/2018 10:43,Leroy St and Murray IB,527
10/1/2018 10:43,Leroy St and Murray IB,527
10/1/2018 10:43,Leroy St and Murray IB,527
10/1/2018 10:43,Leroy St and Murray IB,527
10/1/2018 10:44,Leroy St and Chestnut IB,527
10/1/2018 10:44,Leroy St and Chestnut IB,527
10/1/2018 10:44,Leroy St and Chestnut IB,527
10/1/2018 10:44,Leroy St and Chestnut IB,527
10/1/2018 10:44,Leroy St and Chestnut IB,527
10/1/2018 10:44,Leroy St and Chestnut IB,527
10/1/2018 10:44,Leroy St and Chestnut IB,527
10/1/2018 10:49,Union,43
10/1/2018 10:49,Union,43
10/1/2018 10:49,Union,43
10/1/2018 10:49,Union,43
10/1/2018 10:49,Union,43
10/1/2018 10:49,Union,43
10/1/2018 10:49,Union,43
10/1/2018 10:49,Union,43
10/1/2018 10:49,Union,43
10/1/2018 10:49,Union,43
10/1/2018 10:49,Union,43
10/1/2018 10:49,Union,43
10/1/2018 10:49,Union,43
10/1/2018 10:49,Union,43
10/1/2018 10:49,Union,43
10/1/2018 10:50,Union,43
10/1/2018 10:50,Union,43
10/1/2018 10:50,Union,43
10/1/2018 10:52,UDC,54
10/1/2018 10:52,UDC,54
10/1/2018 10:52,UDC,54
10/1/2018 10:52,UDC,54
10/1/2018 10:52,UDC,54
10/1/2018 10:53,UDC,54
10/1/2018 10:53,UDC,54
10/1/2018 10:53,UDC,54
10/1/2018 10:53,UDC,54
10/1/2018 10:53,UDC,54
10/1/2018 10:53,UDC,54
10/1/2018 10:53,UDC,54
10/1/2018 10:53,UDC,54
10/1/2018 10:53,UDC,54
10/1/2018 10:53,UDC,54
10/1/2018 10:53,UDC,54
10/1/2018 10:57,Leroy St and Front,54
10/1/2018 10:58,Leroy St and Murray IB,54
10/1/2018 10:58,Leroy St and Murray IB,54
10/1/2018 10:58,Leroy St and Murray IB,54
10/1/2018 10:59,Leroy St and Chestnut IB,54
10/1/2018 10:59,Leroy St and Chestnut IB,54
10/1/2018 10:59,Leroy St and Chestnut IB,54
10/1/2018 11:07,Main and Murray OB,43
10/1/2018 11:08,Main and Murray OB,43
10/1/2018 11:15,Leroy St and Murray IB,43
10/1/2018 11:15,Leroy St and Murray IB,43
10/1/2018 11:15,Leroy St and Murray IB,43
10/1/2018 11:15,Leroy St and Murray IB,43
10/1/2018 11:15,Leroy St and Murray IB,43
10/1/2018 11:15,Leroy St and Murray IB,43
10/1/2018 11:15,Leroy St and Murray IB,43
10/1/2018 11:16,Leroy St and Murray IB,43
10/1/2018 11:16,Leroy St and Murray IB,43
10/1/2018 11:16,Leroy St and Murray IB,43
10/1/2018 11:16,Leroy St and Murray IB,43
10/1/2018 11:16,Leroy St and Chestnut IB,43
10/1/2018 11:16,Leroy St and Chestnut IB,43
10/1/2018 11:16,Leroy St and Chestnut IB,43
10/1/2018 11:17,Physical Facilities,891
10/1/2018 11:17,Physical Facilities,891
10/1/2018 11:36,UDC,891
10/1/2018 11:41,Union,527
10/1/2018 11:41,Union,527
10/1/2018 11:41,Union,527
10/1/2018 11:41,Union,527
10/1/2018 11:42,Union,527
10/1/2018 11:42,Union,527
10/1/2018 11:42,Union,527
10/1/2018 11:42,Union,527
10/1/2018 11:42,Union,527
10/1/2018 11:43,Leroy St and Front,891
10/1/2018 11:43,Leroy St and Front,891
10/1/2018 11:44,Leroy St and Murray IB,891
10/1/2018 11:44,Leroy St and Murray IB,891
10/1/2018 11:44,Leroy St and Murray IB,891
10/1/2018 11:44,Leroy St and Murray IB,891
10/1/2018 11:44,Leroy St and Murray IB,891
10/1/2018 11:44,Leroy St and Murray IB,891
10/1/2018 11:44,Leroy St and Murray IB,891
10/1/2018 11:44,Leroy St and Murray IB,891
10/1/2018 11:44,Leroy St and Murray IB,891
10/1/2018 11:44,Union,527
10/1/2018 11:45,Union,527
10/1/2018 11:46,Leroy St and Chestnut IB,891
10/1/2018 11:46,Leroy St and Chestnut IB,891
10/1/2018 11:46,Leroy St and Chestnut IB,891
10/1/2018 11:46,Leroy St and Chestnut IB,891
10/1/2018 11:46,Leroy St and Chestnut IB,891
10/1/2018 11:46,Leroy St and Chestnut IB,891
10/1/2018 11:46,Leroy St and Chestnut IB,891
10/1/2018 11:46,Leroy St and Chestnut IB,891
10/1/2018 11:47,Leroy St and Laurel IB,891
10/1/2018 11:48,Physical Facilities,527
10/1/2018 11:48,Beethoven and Leroy,891
10/1/2018 11:48,Beethoven and Leroy,891
10/1/2018 11:57,Main and Schiller OB,527
10/1/2018 12:01,Main and Front OB,527
10/1/2018 12:02,Union,891
10/1/2018 12:03,Union,891
10/1/2018 12:03,Union,891
10/1/2018 12:03,Union,891
10/1/2018 12:03,Union,891
10/1/2018 12:03,Union,891
10/1/2018 12:03,Union,891
10/1/2018 12:03,Union,891
10/1/2018 12:03,Union,891
10/1/2018 12:03,Union,891
10/1/2018 12:03,Union,891
10/1/2018 12:03,UDC,527
10/1/2018 12:03,UDC,527
10/1/2018 12:03,UDC,527
10/1/2018 12:03,UDC,527
10/1/2018 12:12,Union,43
10/1/2018 12:12,Union,43
10/1/2018 12:12,Union,43
10/1/2018 12:12,Leroy St and Front,527
10/1/2018 12:12,Union,43
10/1/2018 12:12,Union,43
10/1/2018 12:12,Union,43
10/1/2018 12:12,Union,43
10/1/2018 12:12,Union,43
10/1/2018 12:12,Union,43
10/1/2018 12:12,Union,43
10/1/2018 12:12,Union,43
10/1/2018 12:12,Union,43
10/1/2018 12:12,Union,43
10/1/2018 12:12,Union,43
10/1/2018 12:13,Union,43
10/1/2018 12:13,Union,43
10/1/2018 12:13,Union,43
10/1/2018 12:13,Main and Helen OB,890
10/1/2018 12:13,Main and Helen OB,890
10/1/2018 12:13,Main and Helen OB,890
10/1/2018 12:14,Union,43
10/1/2018 12:14,Union,43
10/1/2018 12:14,Leroy St and Chestnut IB,527
10/1/2018 12:14,Leroy St and Chestnut IB,527
10/1/2018 12:15,Union,43
10/1/2018 12:18,Physical Facilities OB,43
10/1/2018 12:21,UDC,890
10/1/2018 12:21,UDC,890
10/1/2018 12:21,UDC,890
10/1/2018 12:21,UDC,890
10/1/2018 12:21,UDC,890
10/1/2018 12:21,UDC,890
10/1/2018 12:21,UDC,890
10/1/2018 12:22,UDC,890
10/1/2018 12:22,UDC,890
10/1/2018 12:22,UDC,890
10/1/2018 12:22,UDC,890
10/1/2018 12:22,UDC,890
10/1/2018 12:22,UDC,890
10/1/2018 12:22,UDC,890
10/1/2018 12:23,Floral and Willow OB,43
10/1/2018 12:23,UDC,890
10/1/2018 12:24,UDC,890
10/1/2018 12:24,UDC,890
10/1/2018 12:24,UDC,890
10/1/2018 12:25,UDC,890
10/1/2018 12:25,UDC,890
10/1/2018 12:27,Union,527
10/1/2018 12:27,Union,527
10/1/2018 12:27,Union,527
10/1/2018 12:27,Union,527
10/1/2018 12:27,Union,527
10/1/2018 12:27,Union,527
10/1/2018 12:27,Union,527
10/1/2018 12:27,Union,527
10/1/2018 12:27,Union,527
10/1/2018 12:27,Leroy St and Front,890
10/1/2018 12:27,Union,527
10/1/2018 12:28,Union,527
10/1/2018 12:28,Leroy St and Murray IB,890
10/1/2018 12:28,Leroy St and Murray IB,890
10/1/2018 12:28,Leroy St and Murray IB,890
10/1/2018 12:28,Leroy St and Murray IB,890
10/1/2018 12:28,Leroy St and Murray IB,890
10/1/2018 12:28,Leroy St and Murray IB,890
10/1/2018 12:28,Leroy St and Murray IB,890
10/1/2018 12:29,Leroy St and Murray IB,890
10/1/2018 12:29,Union,527
10/1/2018 12:29,Leroy St and Chestnut IB,890
10/1/2018 12:29,Leroy St and Chestnut IB,890
10/1/2018 12:29,Leroy St and Chestnut IB,890
10/1/2018 12:29,Leroy St and Chestnut IB,890
10/1/2018 12:30,Union,527
10/1/2018 12:30,Union,527
10/1/2018 12:30,Leroy St and Laurel OB,890
10/1/2018 12:35,Riverside and Columbus IB,890
10/1/2018 12:35,UDC,43
10/1/2018 12:35,UDC,43
10/1/2018 12:35,UDC,43
10/1/2018 12:35,UDC,43
10/1/2018 12:38,UDC,43
10/1/2018 12:39,UDC,43
10/1/2018 12:40,UDC,43
10/1/2018 12:40,UDC,43
10/1/2018 12:42,Leroy St and Front,43
10/1/2018 12:43,Leroy St and Murray IB,43
10/1/2018 12:43,Leroy St and Murray IB,43
10/1/2018 12:43,Leroy St and Murray IB,43
10/1/2018 12:43,Leroy St and Murray IB,43
10/1/2018 12:43,Leroy St and Murray IB,43
10/1/2018 12:43,Leroy St and Murray IB,43
10/1/2018 12:43,Leroy St and Murray IB,43
10/1/2018 12:43,Leroy St and Murray IB,43
10/1/2018 12:43,Leroy St and Murray IB,43
10/1/2018 12:43,Leroy St and Murray IB,43
10/1/2018 12:43,Leroy St and Murray IB,43
10/1/2018 12:43,Leroy St and Murray IB,43
10/1/2018 12:43,Leroy St and Murray IB,43
10/1/2018 12:43,Leroy St and Murray IB,43
10/1/2018 12:44,Leroy St and Murray IB,43
10/1/2018 12:44,Leroy St and Murray IB,43
10/1/2018 12:44,Union,890
10/1/2018 12:44,Union,890
10/1/2018 12:44,Leroy St and Murray IB,43
10/1/2018 12:44,Union,890
10/1/2018 12:44,Union,890
10/1/2018 12:44,Leroy St and Murray IB,43
10/1/2018 12:44,Leroy St and Murray IB,43
10/1/2018 12:44,Union,890
10/1/2018 12:44,Union,890
10/1/2018 12:44,Leroy St and Murray IB,43
10/1/2018 12:44,Union,890
10/1/2018 12:44,Union,890
10/1/2018 12:44,Union,890
10/1/2018 12:44,Union,890
10/1/2018 12:45,Leroy St and Chestnut OB,43
10/1/2018 12:45,Leroy St and Chestnut OB,43
10/1/2018 12:45,Leroy St and Chestnut OB,43
10/1/2018 12:45,Leroy St and Chestnut OB,43
10/1/2018 12:45,Leroy St and Chestnut OB,43
10/1/2018 12:45,Leroy St and Chestnut OB,43
10/1/2018 12:45,Leroy St and Chestnut OB,43
10/1/2018 12:45,Leroy St and Chestnut OB,43
10/1/2018 12:45,Leroy St and Chestnut OB,43
10/1/2018 12:46,Union,891
10/1/2018 12:46,Union,891
10/1/2018 12:46,Leroy St and Laurel IB,43
10/1/2018 12:46,Union,891
10/1/2018 12:46,Union,891
10/1/2018 12:46,Union,891
10/1/2018 12:46,Union,891
10/1/2018 12:47,Union,891
10/1/2018 12:47,Union,891
10/1/2018 12:47,Union,891
10/1/2018 12:47,Union,891
10/1/2018 12:47,Union,891
10/1/2018 12:47,Union,891
10/1/2018 12:47,Beethoven and Leroy,43
10/1/2018 12:47,Physical Facilities,890
10/1/2018 12:56,Floral and Cleveland OB,891
10/1/2018 13:00,Union,54
10/1/2018 13:00,Union,54
10/1/2018 13:00,Union,54
10/1/2018 13:00,Union,54
10/1/2018 13:00,Union,54
10/1/2018 13:00,Union,54
10/1/2018 13:00,Union,54
10/1/2018 13:00,Union,54
10/1/2018 13:01,Main and Clarke OB,891
10/1/2018 13:05,Physical Facilities,54
10/1/2018 13:05,Physical Facilities,54
10/1/2018 13:05,Physical Facilities,54
10/1/2018 13:05,Physical Facilities,54
10/1/2018 13:06,Physical Facilities,54
10/1/2018 13:07,Hawley OB,891
10/1/2018 13:08,UDC,891
10/1/2018 13:09,UDC IB,891
10/1/2018 13:10,UDC IB,891
10/1/2018 13:14,Leroy St and Murray OB,891
10/1/2018 13:14,Leroy St and Murray OB,891
10/1/2018 13:14,Leroy St and Murray OB,891
10/1/2018 13:15,Leroy St and Chestnut OB,891
10/1/2018 13:15,Leroy St and Chestnut OB,891
10/1/2018 13:15,Leroy St and Chestnut OB,891
10/1/2018 13:21,UDC,54
10/1/2018 13:21,UDC,54
10/1/2018 13:23,UDC,54
10/1/2018 13:23,UDC,54
10/1/2018 13:24,UDC,54
10/1/2018 13:26,UDC,54
10/1/2018 13:27,Leroy St and Front,54
10/1/2018 13:28,Leroy St and Murray OB,54
10/1/2018 13:29,Leroy St and Murray OB,54
10/1/2018 13:31,Leroy St and Laurel IB,54
10/1/2018 13:41,UDC,527
10/1/2018 13:44,Union,43
10/1/2018 13:44,Union,43
10/1/2018 13:44,Union,43
10/1/2018 13:44,Union,43
10/1/2018 13:44,Union,43
10/1/2018 13:44,Union,43
10/1/2018 13:44,Union,43
10/1/2018 13:44,Union,43
10/1/2018 13:44,Union,43
10/1/2018 13:44,Union,43
10/1/2018 13:44,Union,43
10/1/2018 13:44,Union,43
10/1/2018 13:44,Union,43
10/1/2018 13:44,Union,43
10/1/2018 13:44,Union,43
10/1/2018 13:45,Leroy St and Front,527
10/1/2018 13:45,Union,43
10/1/2018 13:45,Union,43
10/1/2018 13:45,Union,43
10/1/2018 13:45,Leroy St and Front,527
10/1/2018 13:46,Leroy St and Murray OB,527
10/1/2018 13:46,Leroy St and Murray OB,527
10/1/2018 13:46,Leroy St and Murray OB,527
10/1/2018 13:46,Leroy St and Murray OB,527
10/1/2018 13:46,Leroy St and Murray OB,527
10/1/2018 13:46,Leroy St and Murray OB,527
10/1/2018 13:46,Leroy St and Murray OB,527
10/1/2018 13:46,Leroy St and Murray OB,527
10/1/2018 13:46,Leroy St and Murray OB,527
10/1/2018 13:46,Leroy St and Murray OB,527
10/1/2018 13:46,Leroy St and Murray OB,527
10/1/2018 13:46,Leroy St and Murray OB,527
10/1/2018 13:46,Leroy St and Murray OB,527
10/1/2018 13:47,Leroy St and Chestnut IB,527
10/1/2018 13:47,Leroy St and Chestnut IB,527
10/1/2018 13:47,Leroy St and Chestnut IB,527
10/1/2018 13:47,Leroy St and Chestnut IB,527
10/1/2018 13:47,Leroy St and Chestnut IB,527
10/1/2018 13:47,Leroy St and Chestnut IB,527
10/1/2018 13:48,Leroy St and Chestnut IB,527
10/1/2018 13:48,Leroy St and Chestnut IB,527
10/1/2018 13:48,Leroy St and Chestnut IB,527
10/1/2018 13:56,Main and Helen OB,43
10/1/2018 13:59,Union,528
10/1/2018 13:59,Union,528
10/1/2018 13:59,Union,528
10/1/2018 13:59,Union,528
10/1/2018 13:59,Union,528
10/1/2018 13:59,Union,528
10/1/2018 13:59,Union,528
10/1/2018 14:00,Union,528
10/1/2018 14:02,Union,527
10/1/2018 14:02,Union,527
10/1/2018 14:02,Union,527
10/1/2018 14:02,Union,527
10/1/2018 14:04,UDC,43
10/1/2018 14:04,UDC,43
10/1/2018 14:06,UDC,43
10/1/2018 14:07,UDC,43
10/1/2018 14:09,UDC,43
10/1/2018 14:12,Leroy St and Front,43
10/1/2018 14:13,Leroy St and Murray IB,43
10/1/2018 14:13,Leroy St and Murray IB,43
10/1/2018 14:13,Leroy St and Murray IB,43
10/1/2018 14:13,Leroy St and Murray IB,43
10/1/2018 14:13,Leroy St and Murray IB,43
10/1/2018 14:14,Leroy St and Chestnut OB,43
10/1/2018 14:14,Leroy St and Chestnut OB,43
10/1/2018 14:16,Hawley OB,528
10/1/2018 14:17,Hawley OB,528
10/1/2018 14:17,Hawley OB,528
10/1/2018 14:18,UDC,528
10/1/2018 14:24,UDC,528
10/1/2018 14:25,UDC,528
10/1/2018 14:27,Leroy St and Front,528
10/1/2018 14:28,Leroy St and Murray IB,528
10/1/2018 14:28,Leroy St and Murray IB,528
10/1/2018 14:29,Leroy St and Chestnut IB,528
10/1/2018 14:29,Leroy St and Chestnut IB,528
10/1/2018 14:29,Leroy St and Chestnut IB,528
10/1/2018 14:29,Leroy St and Chestnut IB,528
10/1/2018 14:29,Leroy St and Chestnut IB,528
10/1/2018 14:29,Leroy St and Chestnut IB,528
10/1/2018 14:29,Leroy St and Chestnut IB,528
10/1/2018 14:29,Leroy St and Chestnut IB,528
10/1/2018 14:33,Denny''s,890
10/1/2018 14:41,Floral and Burbank OB,890
10/1/2018 14:44,Union,527
10/1/2018 14:44,Union,527
10/1/2018 14:44,Union,527
10/1/2018 14:44,Union,527
10/1/2018 14:44,Union,527
10/1/2018 14:44,Union,527
10/1/2018 14:44,Union,527
10/1/2018 14:45,Union,527
10/1/2018 14:45,Union,527
10/1/2018 14:45,Union,527
10/1/2018 14:55,Hawley OB,890
10/1/2018 14:56,UDC,890
10/1/2018 14:56,UDC,890
10/1/2018 14:56,UDC,890
10/1/2018 14:56,UDC,890
10/1/2018 14:56,UDC,890
10/1/2018 14:56,UDC,890
10/1/2018 14:56,UDC,890
10/1/2018 14:57,UDC,890
10/1/2018 14:59,Leroy St and Front,890
10/1/2018 15:00,Leroy St and Murray IB,890
10/1/2018 15:00,Leroy St and Murray IB,890
10/1/2018 15:00,Leroy St and Murray IB,890
10/1/2018 15:00,Leroy St and Murray IB,890
10/1/2018 15:00,Leroy St and Murray IB,890
10/1/2018 15:00,Leroy St and Murray IB,890
10/1/2018 15:00,Leroy St and Murray IB,890
10/1/2018 15:00,Leroy St and Murray IB,890
10/1/2018 15:00,Leroy St and Murray IB,890
10/1/2018 15:01,Leroy St and Chestnut IB,890
10/1/2018 15:01,Leroy St and Chestnut IB,890
10/1/2018 15:01,Leroy St and Chestnut IB,890
10/1/2018 15:03,Beethoven and Leroy,890
10/1/2018 15:03,Beethoven and Leroy,890
10/1/2018 15:06,Riverside and Margaret OB,890
10/1/2018 15:09,UDC,527
10/1/2018 15:09,UDC,527
10/1/2018 15:10,UDC,527
10/1/2018 15:10,UDC,527
10/1/2018 15:12,Leroy St and Front,527
10/1/2018 15:12,Union,43
10/1/2018 15:12,Union,43
10/1/2018 15:12,Union,43
10/1/2018 15:12,Union,43
10/1/2018 15:12,Union,43
10/1/2018 15:13,Union,43
10/1/2018 15:13,Union,43
10/1/2018 15:13,Union,43
10/1/2018 15:13,Union,43
10/1/2018 15:13,Union,43
10/1/2018 15:13,Union,43
10/1/2018 15:13,Union,43
10/1/2018 15:13,Union,43
10/1/2018 15:13,Union,43
10/1/2018 15:13,Union,43
10/1/2018 15:13,Union,43
10/1/2018 15:13,Union,43
10/1/2018 15:13,Leroy St and Murray IB,527
10/1/2018 15:13,Union,43
10/1/2018 15:13,Leroy St and Murray IB,527
10/1/2018 15:13,Leroy St and Murray IB,527
10/1/2018 15:13,Leroy St and Murray IB,527
10/1/2018 15:14,Union,43
10/1/2018 15:14,Union,43
10/1/2018 15:14,Union,43
10/1/2018 15:14,Leroy St and Chestnut OB,527
10/1/2018 15:14,Union,43
10/1/2018 15:14,Leroy St and Chestnut OB,527
10/1/2018 15:14,Leroy St and Chestnut OB,527
10/1/2018 15:14,Union,43
10/1/2018 15:14,Leroy St and Chestnut OB,527
10/1/2018 15:15,Union,43
10/1/2018 15:15,Union,43
10/1/2018 15:15,Union,43
10/1/2018 15:15,Union,43
10/1/2018 15:15,Union,890
10/1/2018 15:16,Union,890
10/1/2018 15:16,Union,890
10/1/2018 15:16,Union,890
10/1/2018 15:16,Union,890
10/1/2018 15:16,Union,890
10/1/2018 15:16,Union,890
10/1/2018 15:16,Union,890
10/1/2018 15:16,Union,890
10/1/2018 15:16,Union,890
10/1/2018 15:16,Union,890
10/1/2018 15:16,Union,890
10/1/2018 15:16,Union,890
10/1/2018 15:16,Union,890
10/1/2018 15:28,Union,527
10/1/2018 15:28,Union,527
10/1/2018 15:28,Union,527
10/1/2018 15:28,Union,527
10/1/2018 15:28,Union,527
10/1/2018 15:28,Union,527
10/1/2018 15:28,Union,527
10/1/2018 15:28,Union,527
10/1/2018 15:28,Union,527
10/1/2018 15:28,Union,527
10/1/2018 15:28,Union,527
10/1/2018 15:28,Union,527
10/1/2018 15:28,Union,527
10/1/2018 15:28,Union,527
10/1/2018 15:29,Main and Helen OB,43
10/1/2018 15:29,Main and Helen OB,43
10/1/2018 15:29,Main and Helen OB,43
10/1/2018 15:31,Union,54
10/1/2018 15:31,Union,54
10/1/2018 15:31,Union,54
10/1/2018 15:31,Union,54
10/1/2018 15:31,Union,54
10/1/2018 15:31,Union,54
10/1/2018 15:31,Union,54
10/1/2018 15:38,Hawley OB,43
10/1/2018 15:39,UDC,43
10/1/2018 15:39,UDC,43
10/1/2018 15:39,UDC,43
10/1/2018 15:44,Leroy St and Chestnut IB,43
10/1/2018 15:44,Leroy St and Chestnut IB,43
10/1/2018 15:44,Leroy St and Chestnut IB,43
10/1/2018 15:54,Union,527
10/1/2018 15:54,Union,527
10/1/2018 15:54,Union,527
10/1/2018 15:54,Union,527
10/1/2018 15:54,Union,527
10/1/2018 15:54,Union,527
10/1/2018 15:54,Union,527
10/1/2018 15:54,Union,527
10/1/2018 15:54,Union,527
10/1/2018 15:55,Union,527
10/1/2018 15:55,Union,527
10/1/2018 15:55,Union,527
10/1/2018 15:55,Union,527
10/1/2018 15:56,Union,527
10/1/2018 15:56,Union,527
10/1/2018 15:56,Union,527
10/1/2018 15:56,Union,527
10/1/2018 15:56,Union,527
10/1/2018 15:56,Union,527
10/1/2018 15:56,Union,527
10/1/2018 15:56,Union,527
10/1/2018 15:56,Union,43
10/1/2018 15:56,Union,43
10/1/2018 15:56,Union,43
10/1/2018 15:57,Union,527
10/1/2018 15:57,Union,527
10/1/2018 15:58,Union,43
10/1/2018 15:58,UDC,54
10/1/2018 15:58,Union,527
10/1/2018 15:58,UDC,54
10/1/2018 15:58,Union,527
10/1/2018 15:58,Union,527
10/1/2018 15:58,UDC,54
10/1/2018 15:59,UDC,54
10/1/2018 15:59,Union,43
10/1/2018 15:59,Union,527
10/1/2018 16:00,Union,527
10/1/2018 16:01,Leroy St and Front,54
10/1/2018 16:01,Leroy St and Front,54
10/1/2018 16:01,Physical Facilities,527
10/1/2018 16:02,Leroy St and Murray IB,54
10/1/2018 16:02,Leroy St and Murray IB,54
10/1/2018 16:02,Leroy St and Murray IB,54
10/1/2018 16:02,Leroy St and Murray IB,54
10/1/2018 16:02,Leroy St and Murray IB,54
10/1/2018 16:02,Leroy St and Murray IB,54
10/1/2018 16:02,Leroy St and Murray IB,54
10/1/2018 16:03,Leroy St and Murray IB,54
10/1/2018 16:03,Leroy St and Murray IB,54
10/1/2018 16:03,Leroy St and Murray IB,54
10/1/2018 16:03,Leroy St and Murray IB,54
10/1/2018 16:03,Leroy St and Murray IB,54
10/1/2018 16:04,Leroy St and Chestnut IB,54
10/1/2018 16:04,Leroy St and Chestnut IB,54
10/1/2018 16:04,Leroy St and Chestnut IB,54
10/1/2018 16:04,Leroy St and Chestnut IB,54
10/1/2018 16:04,Leroy St and Chestnut IB,54
10/1/2018 16:04,Leroy St and Chestnut IB,54
10/1/2018 16:06,Leroy St and Laurel IB,54
10/1/2018 16:10,Floral and Main OB,527
10/1/2018 16:10,Floral and Main OB,527
10/1/2018 16:14,Union,528
10/1/2018 16:14,Union,528
10/1/2018 16:14,Union,528
10/1/2018 16:14,Union,528
10/1/2018 16:14,Union,528
10/1/2018 16:14,Union,528
10/1/2018 16:14,Union,528
10/1/2018 16:14,Union,528
10/1/2018 16:14,Union,528
10/1/2018 16:14,Union,528
10/1/2018 16:14,Union,528
10/1/2018 16:14,Union,528
10/1/2018 16:14,Union,528
10/1/2018 16:14,Union,528
10/1/2018 16:14,Union,528
10/1/2018 16:14,Union,528
10/1/2018 16:14,Union,528
10/1/2018 16:14,Union,528
10/1/2018 16:14,Union,528
10/1/2018 16:15,Union,528
10/1/2018 16:15,Union,528
10/1/2018 16:15,Union,528
10/1/2018 16:15,Union,528
10/1/2018 16:15,Union,528
10/1/2018 16:15,Union,528
10/1/2018 16:15,Union,528
10/1/2018 16:15,Union,528
10/1/2018 16:15,Union,528
10/1/2018 16:16,Union,528
10/1/2018 16:16,Union,528
10/1/2018 16:16,Union,528
10/1/2018 16:19,Physical Facilities,528
10/1/2018 16:19,Physical Facilities,528
10/1/2018 16:21,UDC,527
10/1/2018 16:23,Union,43
10/1/2018 16:23,Union,43
10/1/2018 16:23,Union,43
10/1/2018 16:24,Union,43
10/1/2018 16:24,Union,43
10/1/2018 16:24,Union,43
10/1/2018 16:24,Union,43
10/1/2018 16:24,UDC,527
10/1/2018 16:24,UDC,527
10/1/2018 16:24,Union,43
10/1/2018 16:24,UDC,527
10/1/2018 16:24,Union,43
10/1/2018 16:24,Union,43
10/1/2018 16:24,Union,43
10/1/2018 16:24,Union,43
10/1/2018 16:24,Union,43
10/1/2018 16:24,Union,43
10/1/2018 16:24,Union,43
10/1/2018 16:24,Union,43
10/1/2018 16:24,Union,43
10/1/2018 16:24,Union,43
10/1/2018 16:24,Union,43
10/1/2018 16:24,Union,43
10/1/2018 16:24,Union,43
10/1/2018 16:24,Union,43
10/1/2018 16:24,Union,43
10/1/2018 16:24,Union,43
10/1/2018 16:24,Union,43
10/1/2018 16:25,Union,43
10/1/2018 16:25,Union,43
10/1/2018 16:25,Union,43
10/1/2018 16:25,Union,43
10/1/2018 16:25,UDC,527
10/1/2018 16:25,Floral and Harrison IB,528
10/1/2018 16:25,Union,43
10/1/2018 16:26,Union,43
10/1/2018 16:26,Union,43
10/1/2018 16:26,Union,43
10/1/2018 16:26,Union,43
10/1/2018 16:26,Union,43
10/1/2018 16:26,Union,43
10/1/2018 16:27,Union,43
10/1/2018 16:27,Union,43
10/1/2018 16:28,Union,43
10/1/2018 16:28,Union,43
10/1/2018 16:28,Union,43
10/1/2018 16:28,Union,43
10/1/2018 16:28,Union,43
10/1/2018 16:28,Union,43
10/1/2018 16:28,Union,43
10/1/2018 16:29,Union,43
10/1/2018 16:29,Union,43
10/1/2018 16:29,Union,43
10/1/2018 16:29,Union,43
10/1/2018 16:29,Leroy St and Murray IB,527
10/1/2018 16:29,Union,43
10/1/2018 16:29,Union,43
10/1/2018 16:29,Union,43
10/1/2018 16:29,Union,43
10/1/2018 16:32,Main and Cedar IB,528
10/1/2018 16:35,Main and Front OB,528
10/1/2018 16:35,Main and Front OB,528
10/1/2018 16:39,UDC,528
10/1/2018 16:39,UDC,528
10/1/2018 16:39,UDC,528
10/1/2018 16:39,UDC,528
10/1/2018 16:39,UDC,528
10/1/2018 16:39,UDC,528
10/1/2018 16:39,UDC,528
10/1/2018 16:39,UDC,528
10/1/2018 16:39,UDC,528
10/1/2018 16:39,UDC,528
10/1/2018 16:40,UDC,528
10/1/2018 16:42,Floral and Main OB,43
10/1/2018 16:42,Leroy St and Front,528
10/1/2018 16:43,Leroy St and Murray IB,528
10/1/2018 16:43,Leroy St and Murray IB,528
10/1/2018 16:43,Leroy St and Murray IB,528
10/1/2018 16:43,Leroy St and Murray IB,528
10/1/2018 16:44,Leroy St and Chestnut IB,528
10/1/2018 16:44,Leroy St and Chestnut IB,528
10/1/2018 16:44,Leroy St and Chestnut IB,528
10/1/2018 16:45,Main and Helen OB,43
10/1/2018 16:49,Physical Facilities,890
10/1/2018 16:49,Physical Facilities,890
10/1/2018 16:49,Physical Facilities,890
10/1/2018 17:07,Main and Front IB,890
10/1/2018 17:07,Main and Front IB,890
10/1/2018 17:10,UDC,890
10/1/2018 17:10,Union,526
10/1/2018 17:10,Union,526
10/1/2018 17:10,Union,526
10/1/2018 17:10,Union,526
10/1/2018 17:10,Union,526
10/1/2018 17:10,Union,526
10/1/2018 17:10,Union,526
10/1/2018 17:11,Union,526
10/1/2018 17:11,Union,526
10/1/2018 17:11,Union,526
10/1/2018 17:11,Union,526
10/1/2018 17:11,Union,526
10/1/2018 17:11,Union,526
10/1/2018 17:11,Union,526
10/1/2018 17:11,Union,526
10/1/2018 17:11,Union,526
10/1/2018 17:11,Union,526
10/1/2018 17:11,Union,526
10/1/2018 17:11,Union,526
10/1/2018 17:11,Union,526
10/1/2018 17:11,Union,526
10/1/2018 17:11,Union,526
10/1/2018 17:11,Union,526
10/1/2018 17:12,Union,526
10/1/2018 17:12,Union,526
10/1/2018 17:12,Union,526
10/1/2018 17:12,Union,526
10/1/2018 17:12,Union,526
10/1/2018 17:13,Leroy St and Murray IB,890
10/1/2018 17:13,Leroy St and Murray IB,890
10/1/2018 17:13,Leroy St and Murray IB,890
10/1/2018 17:13,Leroy St and Murray IB,890
10/1/2018 17:13,Leroy St and Murray IB,890
10/1/2018 17:14,Leroy St and Chestnut IB,890
10/1/2018 17:14,Leroy St and Chestnut IB,890
10/1/2018 17:14,Leroy St and Chestnut IB,890
10/1/2018 17:14,Leroy St and Chestnut IB,890
10/1/2018 17:14,Leroy St and Chestnut IB,890
10/1/2018 17:14,Leroy St and Chestnut IB,890
10/1/2018 17:14,Leroy St and Chestnut IB,890
10/1/2018 17:14,Leroy St and Chestnut IB,890
10/1/2018 17:14,Leroy St and Chestnut IB,890
10/1/2018 17:14,Leroy St and Chestnut IB,890
10/1/2018 17:14,Leroy St and Chestnut IB,890
10/1/2018 17:15,Leroy St and Chestnut IB,890
10/1/2018 17:15,Leroy St and Chestnut IB,890
10/1/2018 17:31,Union,528
10/1/2018 17:31,Union,528
10/1/2018 17:31,Union,528
10/1/2018 17:31,Union,528
10/1/2018 17:31,Union,528
10/1/2018 17:31,Union,528
10/1/2018 17:32,Union,528
10/1/2018 17:32,Union,528
10/1/2018 17:32,Union,528
10/1/2018 17:32,Union,528
10/1/2018 17:32,Union,528
10/1/2018 17:32,Union,528
10/1/2018 17:32,Union,528
10/1/2018 17:32,Union,528
10/1/2018 17:32,Union,528
10/1/2018 17:33,Union,528
10/1/2018 17:33,Union,528
10/1/2018 17:33,Main and Arthur,526
10/1/2018 17:33,Main and Arthur,526
10/1/2018 17:33,Union,528
10/1/2018 17:34,Union,528
10/1/2018 17:35,Union,528
10/1/2018 17:37,Hawley OB,891
10/1/2018 17:37,Hawley OB,891
10/1/2018 17:37,Hawley OB,891
10/1/2018 17:38,Physical Facilities,528
10/1/2018 17:38,Physical Facilities,528
10/1/2018 17:44,Leroy St and Front,891
10/1/2018 17:44,Leroy St and Murray OB,891
10/1/2018 17:45,Leroy St and Murray OB,891
10/1/2018 17:45,Leroy St and Murray OB,891
10/1/2018 17:45,Leroy St and Murray OB,891
10/1/2018 17:45,Leroy St and Murray OB,891
10/1/2018 17:45,Leroy St and Murray OB,891
10/1/2018 17:45,Leroy St and Chestnut OB,891
10/1/2018 17:45,Leroy St and Chestnut OB,891
10/1/2018 17:45,Leroy St and Chestnut OB,891
10/1/2018 17:46,Leroy St and Chestnut OB,891
10/1/2018 17:46,Main and Helen OB,528
10/1/2018 17:46,Main and Helen OB,528
10/1/2018 17:47,Main and Schiller OB,528
10/1/2018 17:50,Riverside and Columbus IB,891
10/1/2018 17:52,Union,526
10/1/2018 17:52,Union,526
10/1/2018 17:52,Union,526
10/1/2018 17:52,Union,526
10/1/2018 17:52,Union,526
10/1/2018 17:52,Union,526
10/1/2018 17:52,Union,526
10/1/2018 17:52,Union,526
10/1/2018 17:52,Union,526
10/1/2018 17:52,Union,526
10/1/2018 17:52,Union,526
10/1/2018 17:52,Union,526
10/1/2018 17:52,Union,526
10/1/2018 17:52,Union,526
10/1/2018 17:52,Union,526
10/1/2018 17:52,Union,526
10/1/2018 17:52,Union,526
10/1/2018 17:52,Union,526
10/1/2018 17:52,Union,526
10/1/2018 17:53,Union,526
10/1/2018 17:53,Union,526
10/1/2018 17:53,Union,526
10/1/2018 17:53,Union,526
10/1/2018 17:55,Physical Facilities,526
10/1/2018 17:59,Union,527
10/1/2018 17:59,Union,527
10/1/2018 17:59,Union,527
10/1/2018 17:59,Union,527
10/1/2018 17:59,Union,527
10/1/2018 17:59,Union,527
10/1/2018 17:59,Union,527
10/1/2018 17:59,Union,527
10/1/2018 17:59,Union,527
10/1/2018 17:59,Union,527
10/1/2018 17:59,Union,527
10/1/2018 17:59,Union,527
10/1/2018 17:59,Union,527
10/1/2018 18:00,Union,527
10/1/2018 18:00,Union,527
10/1/2018 18:01,Union,527
10/1/2018 18:01,Union,527
10/1/2018 18:02,Union,527
10/1/2018 18:02,Union,527
10/1/2018 18:02,Union,527
10/1/2018 18:02,Union,527
10/1/2018 18:02,Union,527
10/1/2018 18:02,Union,527
10/1/2018 18:02,Union,527
10/1/2018 18:03,Union,527
10/1/2018 18:03,Union,527
10/1/2018 18:04,Union,527
10/1/2018 18:05,Union,527
10/1/2018 18:05,Union,527
10/1/2018 18:05,Union,527
10/1/2018 18:09,Main and Helen OB,526
10/1/2018 18:12,Union,54
10/1/2018 18:12,Union,54
10/1/2018 18:12,Union,54
10/1/2018 18:12,Union,54
10/1/2018 18:12,Union,54
10/1/2018 18:12,Union,54
10/1/2018 18:12,Union,54
10/1/2018 18:12,Union,54
10/1/2018 18:12,Union,54
10/1/2018 18:12,Union,54
10/1/2018 18:12,Union,54
10/1/2018 18:12,Union,54
10/1/2018 18:12,Union,54
10/1/2018 18:13,Union,54
10/1/2018 18:13,Union,54
10/1/2018 18:13,Union,54
10/1/2018 18:13,Union,54
10/1/2018 18:13,Union,54
10/1/2018 18:13,Union,54
10/1/2018 18:13,Union,54
10/1/2018 18:14,Union,54
10/1/2018 18:14,Union,54
10/1/2018 18:15,Union,54
10/1/2018 18:15,Union,54
10/1/2018 18:15,Union,54
10/1/2018 18:15,Union,54
10/1/2018 18:16,UDC,526
10/1/2018 18:18,Leroy St and Front,526
10/1/2018 18:19,Leroy St and Murray IB,526
10/1/2018 18:19,Leroy St and Murray IB,526
10/1/2018 18:19,Leroy St and Murray IB,526
10/1/2018 18:19,Leroy St and Murray IB,526
10/1/2018 18:19,Leroy St and Murray IB,526
10/1/2018 18:20,Leroy St and Chestnut OB,526
10/1/2018 18:20,Leroy St and Chestnut OB,526
10/1/2018 18:20,Leroy St and Chestnut OB,526
10/1/2018 18:22,Riverside and Beethoven,526
10/1/2018 18:22,Riverside and Beethoven,526
10/1/2018 18:26,UDC,527
10/1/2018 18:26,UDC,527
10/1/2018 18:30,Main and Clarke IB,54
10/1/2018 18:32,Mohawk,526
10/1/2018 18:32,Mohawk,526
10/1/2018 18:32,Mohawk,526
10/1/2018 18:32,Mohawk,526
10/1/2018 18:32,Mohawk,526
10/1/2018 18:32,Mohawk,526
10/1/2018 18:32,Mohawk,526
10/1/2018 18:32,Mohawk,526
10/1/2018 18:32,Mohawk,526
10/1/2018 18:32,Mohawk,526
10/1/2018 18:32,Mohawk,526
10/1/2018 18:32,Mohawk,526
10/1/2018 18:32,Mohawk,526
10/1/2018 18:32,Mohawk,526
10/1/2018 18:32,Mohawk,526
10/1/2018 18:32,Mohawk,526
10/1/2018 18:33,Mohawk,526
10/1/2018 18:33,Mohawk,526
10/1/2018 18:33,Mohawk,526
10/1/2018 18:34,Mohawk,526
10/1/2018 18:39,UDC,54
10/1/2018 18:42,Leroy St and Front,54
10/1/2018 18:44,Leroy St and Murray IB,54
10/1/2018 18:44,Leroy St and Murray IB,54
10/1/2018 18:45,Union,527
10/1/2018 18:45,Union,527
10/1/2018 18:45,Union,527
10/1/2018 18:45,Union,527
10/1/2018 18:45,Union,527
10/1/2018 18:46,Union,527
10/1/2018 18:46,Union,527
10/1/2018 18:46,Union,527
10/1/2018 18:46,Union,527
10/1/2018 18:46,Union,527
10/1/2018 18:46,Union,527
10/1/2018 18:47,Union,527
10/1/2018 18:47,Union,527
10/1/2018 18:48,Union,527
10/1/2018 18:48,Union,527
10/1/2018 18:48,Union,527
10/1/2018 18:48,Union,527
10/1/2018 18:48,Union,527
10/1/2018 18:49,Union,527
10/1/2018 18:49,Union,527
10/1/2018 18:49,Union,527
10/1/2018 19:03,Union,43
10/1/2018 19:03,Union,43
10/1/2018 19:03,Union,43
10/1/2018 19:03,Union,43
10/1/2018 19:03,Union,43
10/1/2018 19:03,Union,43
10/1/2018 19:03,Union,43
10/1/2018 19:03,Union,43
10/1/2018 19:03,Union,43
10/1/2018 19:03,Union,43
10/1/2018 19:04,Union,43
10/1/2018 19:04,Union,43
10/1/2018 19:04,Union,43
10/1/2018 19:04,Union,43
10/1/2018 19:04,Main and Schiller OB,527
10/1/2018 19:04,Union,43
10/1/2018 19:05,Main and Clarke OB,527
10/1/2018 19:08,Main and Arthur,527
10/1/2018 19:12,Hawley OB,527
10/1/2018 19:14,UDC,527
10/1/2018 19:15,UDC,527
10/1/2018 19:18,Leroy St and Front,527
10/1/2018 19:20,Leroy St and Chestnut IB,527
10/1/2018 19:20,Leroy St and Chestnut IB,527
10/1/2018 19:24,UDC,43
10/1/2018 19:25,UDC,43
10/1/2018 19:29,Union,54
10/1/2018 19:29,Union,54
10/1/2018 19:29,Union,54
10/1/2018 19:29,Union,54
10/1/2018 19:29,Union,54
10/1/2018 19:29,Union,54
10/1/2018 19:29,Union,54
10/1/2018 19:29,Union,54
10/1/2018 19:29,Union,54
10/1/2018 19:29,Union,54
10/1/2018 19:29,Union,54
10/1/2018 19:29,Union,54
10/1/2018 19:29,Union,54
10/1/2018 19:29,Union,54
10/1/2018 19:29,Union,54
10/1/2018 19:29,Union,54
10/1/2018 19:29,Union,54
10/1/2018 19:29,Union,54
10/1/2018 19:29,Union,54
10/1/2018 19:29,Union,54
10/1/2018 19:29,Union,54
10/1/2018 19:29,Union,54
10/1/2018 19:29,Union,54
10/1/2018 19:29,Union,54
10/1/2018 19:29,Union,54
10/1/2018 19:29,Union,54
10/1/2018 19:30,Union,54
10/1/2018 19:30,Union,54
10/1/2018 19:30,Union,54
10/1/2018 19:30,Union,54
10/1/2018 19:30,Union,54
10/1/2018 19:30,Union,54
10/1/2018 19:30,Union,54
10/1/2018 19:30,Union,54
10/1/2018 19:30,Union,54
10/1/2018 19:30,Union,54
10/1/2018 19:30,Union,54
10/1/2018 19:30,Union,54
10/1/2018 19:32,Leroy St and Murray IB,43
10/1/2018 19:32,Leroy St and Murray IB,43
10/1/2018 19:32,Leroy St and Murray IB,43
10/1/2018 19:33,Leroy St and Chestnut IB,43
10/1/2018 19:33,Leroy St and Chestnut IB,43
10/1/2018 19:33,Leroy St and Chestnut IB,43
10/1/2018 19:33,Leroy St and Chestnut IB,43
10/1/2018 19:33,Leroy St and Chestnut IB,43
10/1/2018 19:33,Leroy St and Chestnut IB,43
10/1/2018 19:47,Union,889
10/1/2018 19:48,Union,889
10/1/2018 19:48,Union,889
10/1/2018 19:48,Union,889
10/1/2018 19:48,Union,889
10/1/2018 19:48,Union,889
10/1/2018 19:48,Union,889
10/1/2018 19:48,Main and Clarke IB,54
10/1/2018 19:50,Physical Facilities,889
10/1/2018 19:50,Physical Facilities,889
10/1/2018 19:50,Physical Facilities,889
10/1/2018 19:55,UDC,54
10/1/2018 19:58,UDC,54
10/1/2018 19:58,Floral and Main OB,889
10/1/2018 19:59,UDC,54
10/1/2018 19:59,UDC,54
